position	row	col	barcode	barcode_seq
A1	A	1	barcode 01	ACTCGA
A2	A	2	NA	ACTCGA
A3	A	3	NA	ACTCGA
A4	A	4	NA	ACTCGA
A5	A	5	NA	ACTCGA
A6	A	6	NA	ACTCGA
A7	A	7	NA	ACTCGA
A8	A	8	NA	ACTCGA
A9	A	9	NA	ACTCGA
A10	A	10	NA	ACTCGA
A11	A	11	NA	ACTCGA
A12	A	12	NA	ACTCGA
A13	A	13	NA	ACTCGA
A14	A	14	NA	ACTCGA
A15	A	15	NA	ACTCGA
A16	A	16	NA	ACTCGA
A17	A	17	NA	ACTCGA
A18	A	18	NA	ACTCGA
A19	A	19	NA	ACTCGA
A20	A	20	NA	ACTCGA
A21	A	21	NA	ACTCGA
A22	A	22	NA	ACTCGA
A23	A	23	NA	ACTCGA
A24	A	24	NA	ACTCGA
B1	B	1	barcode 02	AGACTC
B2	B	2	NA	AGACTC
B3	B	3	NA	AGACTC
B4	B	4	NA	AGACTC
B5	B	5	NA	AGACTC
B6	B	6	NA	AGACTC
B7	B	7	NA	AGACTC
B8	B	8	NA	AGACTC
B9	B	9	NA	AGACTC
B10	B	10	NA	AGACTC
B11	B	11	NA	AGACTC
B12	B	12	NA	AGACTC
B13	B	13	NA	AGACTC
B14	B	14	NA	AGACTC
B15	B	15	NA	AGACTC
B16	B	16	NA	AGACTC
B17	B	17	NA	AGACTC
B18	B	18	NA	AGACTC
B19	B	19	NA	AGACTC
B20	B	20	NA	AGACTC
B21	B	21	NA	AGACTC
B22	B	22	NA	AGACTC
B23	B	23	NA	AGACTC
B24	B	24	NA	AGACTC
C1	C	1	barcode 03	AGCTAG
C2	C	2	NA	AGCTAG
C3	C	3	NA	AGCTAG
C4	C	4	NA	AGCTAG
C5	C	5	NA	AGCTAG
C6	C	6	NA	AGCTAG
C7	C	7	NA	AGCTAG
C8	C	8	NA	AGCTAG
C9	C	9	NA	AGCTAG
C10	C	10	NA	AGCTAG
C11	C	11	NA	AGCTAG
C12	C	12	NA	AGCTAG
C13	C	13	NA	AGCTAG
C14	C	14	NA	AGCTAG
C15	C	15	NA	AGCTAG
C16	C	16	NA	AGCTAG
C17	C	17	NA	AGCTAG
C18	C	18	NA	AGCTAG
C19	C	19	NA	AGCTAG
C20	C	20	NA	AGCTAG
C21	C	21	NA	AGCTAG
C22	C	22	NA	AGCTAG
C23	C	23	NA	AGCTAG
C24	C	24	NA	AGCTAG
D1	D	1	barcode 04	AGCTCA
D2	D	2	NA	AGCTCA
D3	D	3	NA	AGCTCA
D4	D	4	NA	AGCTCA
D5	D	5	NA	AGCTCA
D6	D	6	NA	AGCTCA
D7	D	7	NA	AGCTCA
D8	D	8	NA	AGCTCA
D9	D	9	NA	AGCTCA
D10	D	10	NA	AGCTCA
D11	D	11	NA	AGCTCA
D12	D	12	NA	AGCTCA
D13	D	13	NA	AGCTCA
D14	D	14	NA	AGCTCA
D15	D	15	NA	AGCTCA
D16	D	16	NA	AGCTCA
D17	D	17	NA	AGCTCA
D18	D	18	NA	AGCTCA
D19	D	19	NA	AGCTCA
D20	D	20	NA	AGCTCA
D21	D	21	NA	AGCTCA
D22	D	22	NA	AGCTCA
D23	D	23	NA	AGCTCA
D24	D	24	NA	AGCTCA
E1	E	1	barcode 05	AGCTTC
E2	E	2	NA	AGCTTC
E3	E	3	NA	AGCTTC
E4	E	4	NA	AGCTTC
E5	E	5	NA	AGCTTC
E6	E	6	NA	AGCTTC
E7	E	7	NA	AGCTTC
E8	E	8	NA	AGCTTC
E9	E	9	NA	AGCTTC
E10	E	10	NA	AGCTTC
E11	E	11	NA	AGCTTC
E12	E	12	NA	AGCTTC
E13	E	13	NA	AGCTTC
E14	E	14	NA	AGCTTC
E15	E	15	NA	AGCTTC
E16	E	16	NA	AGCTTC
E17	E	17	NA	AGCTTC
E18	E	18	NA	AGCTTC
E19	E	19	NA	AGCTTC
E20	E	20	NA	AGCTTC
E21	E	21	NA	AGCTTC
E22	E	22	NA	AGCTTC
E23	E	23	NA	AGCTTC
E24	E	24	NA	AGCTTC
F1	F	1	barcode 06	CAGATC
F2	F	2	NA	CAGATC
F3	F	3	NA	CAGATC
F4	F	4	NA	CAGATC
F5	F	5	NA	CAGATC
F6	F	6	NA	CAGATC
F7	F	7	NA	CAGATC
F8	F	8	NA	CAGATC
F9	F	9	NA	CAGATC
F10	F	10	NA	CAGATC
F11	F	11	NA	CAGATC
F12	F	12	NA	CAGATC
F13	F	13	NA	CAGATC
F14	F	14	NA	CAGATC
F15	F	15	NA	CAGATC
F16	F	16	NA	CAGATC
F17	F	17	NA	CAGATC
F18	F	18	NA	CAGATC
F19	F	19	NA	CAGATC
F20	F	20	NA	CAGATC
F21	F	21	NA	CAGATC
F22	F	22	NA	CAGATC
F23	F	23	NA	CAGATC
F24	F	24	NA	CAGATC
G1	G	1	barcode 07	CATGAG
G2	G	2	NA	CATGAG
G3	G	3	NA	CATGAG
G4	G	4	NA	CATGAG
G5	G	5	NA	CATGAG
G6	G	6	NA	CATGAG
G7	G	7	NA	CATGAG
G8	G	8	NA	CATGAG
G9	G	9	NA	CATGAG
G10	G	10	NA	CATGAG
G11	G	11	NA	CATGAG
G12	G	12	NA	CATGAG
G13	G	13	NA	CATGAG
G14	G	14	NA	CATGAG
G15	G	15	NA	CATGAG
G16	G	16	NA	CATGAG
G17	G	17	NA	CATGAG
G18	G	18	NA	CATGAG
G19	G	19	NA	CATGAG
G20	G	20	NA	CATGAG
G21	G	21	NA	CATGAG
G22	G	22	NA	CATGAG
G23	G	23	NA	CATGAG
G24	G	24	NA	CATGAG
H1	H	1	barcode 08	CATGCA
H2	H	2	NA	CATGCA
H3	H	3	NA	CATGCA
H4	H	4	NA	CATGCA
H5	H	5	NA	CATGCA
H6	H	6	NA	CATGCA
H7	H	7	NA	CATGCA
H8	H	8	NA	CATGCA
H9	H	9	NA	CATGCA
H10	H	10	NA	CATGCA
H11	H	11	NA	CATGCA
H12	H	12	NA	CATGCA
H13	H	13	NA	CATGCA
H14	H	14	NA	CATGCA
H15	H	15	NA	CATGCA
H16	H	16	NA	CATGCA
H17	H	17	NA	CATGCA
H18	H	18	NA	CATGCA
H19	H	19	NA	CATGCA
H20	H	20	NA	CATGCA
H21	H	21	NA	CATGCA
H22	H	22	NA	CATGCA
H23	H	23	NA	CATGCA
H24	H	24	NA	CATGCA
I1	I	1	barcode 09	CATGTC
I2	I	2	NA	CATGTC
I3	I	3	NA	CATGTC
I4	I	4	NA	CATGTC
I5	I	5	NA	CATGTC
I6	I	6	NA	CATGTC
I7	I	7	NA	CATGTC
I8	I	8	NA	CATGTC
I9	I	9	NA	CATGTC
I10	I	10	NA	CATGTC
I11	I	11	NA	CATGTC
I12	I	12	NA	CATGTC
I13	I	13	NA	CATGTC
I14	I	14	NA	CATGTC
I15	I	15	NA	CATGTC
I16	I	16	NA	CATGTC
I17	I	17	NA	CATGTC
I18	I	18	NA	CATGTC
I19	I	19	NA	CATGTC
I20	I	20	NA	CATGTC
I21	I	21	NA	CATGTC
I22	I	22	NA	CATGTC
I23	I	23	NA	CATGTC
I24	I	24	NA	CATGTC
J1	J	1	barcode 10	GTCTAG
J2	J	2	NA	GTCTAG
J3	J	3	NA	GTCTAG
J4	J	4	NA	GTCTAG
J5	J	5	NA	GTCTAG
J6	J	6	NA	GTCTAG
J7	J	7	NA	GTCTAG
J8	J	8	NA	GTCTAG
J9	J	9	NA	GTCTAG
J10	J	10	NA	GTCTAG
J11	J	11	NA	GTCTAG
J12	J	12	NA	GTCTAG
J13	J	13	NA	GTCTAG
J14	J	14	NA	GTCTAG
J15	J	15	NA	GTCTAG
J16	J	16	NA	GTCTAG
J17	J	17	NA	GTCTAG
J18	J	18	NA	GTCTAG
J19	J	19	NA	GTCTAG
J20	J	20	NA	GTCTAG
J21	J	21	NA	GTCTAG
J22	J	22	NA	GTCTAG
J23	J	23	NA	GTCTAG
J24	J	24	NA	GTCTAG
K1	K	1	barcode 11	GTGACA
K2	K	2	NA	GTGACA
K3	K	3	NA	GTGACA
K4	K	4	NA	GTGACA
K5	K	5	NA	GTGACA
K6	K	6	NA	GTGACA
K7	K	7	NA	GTGACA
K8	K	8	NA	GTGACA
K9	K	9	NA	GTGACA
K10	K	10	NA	GTGACA
K11	K	11	NA	GTGACA
K12	K	12	NA	GTGACA
K13	K	13	NA	GTGACA
K14	K	14	NA	GTGACA
K15	K	15	NA	GTGACA
K16	K	16	NA	GTGACA
K17	K	17	NA	GTGACA
K18	K	18	NA	GTGACA
K19	K	19	NA	GTGACA
K20	K	20	NA	GTGACA
K21	K	21	NA	GTGACA
K22	K	22	NA	GTGACA
K23	K	23	NA	GTGACA
K24	K	24	NA	GTGACA
L1	L	1	barcode 12	GTTGCA
L2	L	2	NA	GTTGCA
L3	L	3	NA	GTTGCA
L4	L	4	NA	GTTGCA
L5	L	5	NA	GTTGCA
L6	L	6	NA	GTTGCA
L7	L	7	NA	GTTGCA
L8	L	8	NA	GTTGCA
L9	L	9	NA	GTTGCA
L10	L	10	NA	GTTGCA
L11	L	11	NA	GTTGCA
L12	L	12	NA	GTTGCA
L13	L	13	NA	GTTGCA
L14	L	14	NA	GTTGCA
L15	L	15	NA	GTTGCA
L16	L	16	NA	GTTGCA
L17	L	17	NA	GTTGCA
L18	L	18	NA	GTTGCA
L19	L	19	NA	GTTGCA
L20	L	20	NA	GTTGCA
L21	L	21	NA	GTTGCA
L22	L	22	NA	GTTGCA
L23	L	23	NA	GTTGCA
L24	L	24	NA	GTTGCA
M1	M	1	barcode 13	TCACAG
M2	M	2	NA	TCACAG
M3	M	3	NA	TCACAG
M4	M	4	NA	TCACAG
M5	M	5	NA	TCACAG
M6	M	6	NA	TCACAG
M7	M	7	NA	TCACAG
M8	M	8	NA	TCACAG
M9	M	9	NA	TCACAG
M10	M	10	NA	TCACAG
M11	M	11	NA	TCACAG
M12	M	12	NA	TCACAG
M13	M	13	NA	TCACAG
M14	M	14	NA	TCACAG
M15	M	15	NA	TCACAG
M16	M	16	NA	TCACAG
M17	M	17	NA	TCACAG
M18	M	18	NA	TCACAG
M19	M	19	NA	TCACAG
M20	M	20	NA	TCACAG
M21	M	21	NA	TCACAG
M22	M	22	NA	TCACAG
M23	M	23	NA	TCACAG
M24	M	24	NA	TCACAG
N1	N	1	barcode 14	TGCAGA
N2	N	2	NA	TGCAGA
N3	N	3	NA	TGCAGA
N4	N	4	NA	TGCAGA
N5	N	5	NA	TGCAGA
N6	N	6	NA	TGCAGA
N7	N	7	NA	TGCAGA
N8	N	8	NA	TGCAGA
N9	N	9	NA	TGCAGA
N10	N	10	NA	TGCAGA
N11	N	11	NA	TGCAGA
N12	N	12	NA	TGCAGA
N13	N	13	NA	TGCAGA
N14	N	14	NA	TGCAGA
N15	N	15	NA	TGCAGA
N16	N	16	NA	TGCAGA
N17	N	17	NA	TGCAGA
N18	N	18	NA	TGCAGA
N19	N	19	NA	TGCAGA
N20	N	20	NA	TGCAGA
N21	N	21	NA	TGCAGA
N22	N	22	NA	TGCAGA
N23	N	23	NA	TGCAGA
N24	N	24	NA	TGCAGA
O1	O	1	barcode 15	TGTCAC
O2	O	2	NA	TGTCAC
O3	O	3	NA	TGTCAC
O4	O	4	NA	TGTCAC
O5	O	5	NA	TGTCAC
O6	O	6	NA	TGTCAC
O7	O	7	NA	TGTCAC
O8	O	8	NA	TGTCAC
O9	O	9	NA	TGTCAC
O10	O	10	NA	TGTCAC
O11	O	11	NA	TGTCAC
O12	O	12	NA	TGTCAC
O13	O	13	NA	TGTCAC
O14	O	14	NA	TGTCAC
O15	O	15	NA	TGTCAC
O16	O	16	NA	TGTCAC
O17	O	17	NA	TGTCAC
O18	O	18	NA	TGTCAC
O19	O	19	NA	TGTCAC
O20	O	20	NA	TGTCAC
O21	O	21	NA	TGTCAC
O22	O	22	NA	TGTCAC
O23	O	23	NA	TGTCAC
O24	O	24	NA	TGTCAC
P1	P	1	barcode 16	TGTCGA
P2	P	2	NA	TGTCGA
P3	P	3	NA	TGTCGA
P4	P	4	NA	TGTCGA
P5	P	5	NA	TGTCGA
P6	P	6	NA	TGTCGA
P7	P	7	NA	TGTCGA
P8	P	8	NA	TGTCGA
P9	P	9	NA	TGTCGA
P10	P	10	NA	TGTCGA
P11	P	11	NA	TGTCGA
P12	P	12	NA	TGTCGA
P13	P	13	NA	TGTCGA
P14	P	14	NA	TGTCGA
P15	P	15	NA	TGTCGA
P16	P	16	NA	TGTCGA
P17	P	17	NA	TGTCGA
P18	P	18	NA	TGTCGA
P19	P	19	NA	TGTCGA
P20	P	20	NA	TGTCGA
P21	P	21	NA	TGTCGA
P22	P	22	NA	TGTCGA
P23	P	23	NA	TGTCGA
P24	P	24	NA	TGTCGA
