dataset	cell	class	star_reads	bed_reads	bed_rows	reads_1biotype	reads_mixed	exon	intron	tRNA	mixed_label	reads_offspecies	rows_offspecies
FLASH-seq	ZHA8833A1	multi	2859975	2837376	13617442	517756	2319620	1117425	171559	17	1548375	0	0
FLASH-seq	ZHA8833A1	single	23606553	23443793	40165742	20258325	3185468	19080930	983015	81	3379767	0	0
FLASH-seq	ZHA8833A10	multi	2624825	2608198	13228673	430516	2177682	972520	135480	0	1500198	0	0
FLASH-seq	ZHA8833A10	single	17846710	17726288	30389600	15255923	2470365	14584769	562130	47	2579342	0	0
FLASH-seq	ZHA8833A2	multi	2752292	2729126	13059350	509264	2219862	1048404	193452	30	1487240	0	0
FLASH-seq	ZHA8833A2	single	19734703	19570602	33297225	16921134	2649468	15891737	856019	105	2822741	0	0
FLASH-seq	ZHA8833A3	multi	2931989	2909521	13972610	526405	2383116	1120582	195069	14	1593856	0	0
FLASH-seq	ZHA8833A3	single	19726698	4022273	6811850	3477855	544418	3294939	157141	61	570132	0	0
FLASH-seq	ZHA8833A4	multi	3588186	3561464	17376996	625091	2936373	1353062	223795	31	1984576	0	0
FLASH-seq	ZHA8833A4	single	24257888	24071536	40916305	20764766	3306770	19658996	899621	118	3512801	0	0
FLASH-seq	ZHA8833A5	multi	3484434	3458424	16824862	611533	2846891	1314969	214895	29	1928531	0	0
FLASH-seq	ZHA8833A5	single	22769643	0	0	0	0	0	0	0	0	0	0
FLASH-seq	ZHA8833A6	multi	2849562	2826459	13557185	508806	2317653	1080031	184604	29	1561795	0	0
FLASH-seq	ZHA8833A6	single	18628927	18472025	31109671	15976232	2495793	15023068	762365	102	2686490	0	0
FLASH-seq	ZHA8833A7	multi	2717171	2695240	12761686	485553	2209687	1055820	166955	9	1472456	0	0
FLASH-seq	ZHA8833A7	single	18223740	18081242	30655029	15640123	2441119	14750003	688132	121	2642986	0	0
FLASH-seq	ZHA8833A8	multi	3928806	3902554	19513165	568682	3333872	1496656	210393	64	2195441	0	0
FLASH-seq	ZHA8833A8	single	19518992	19340873	33886094	16588838	2752035	16031703	535684	258	2773228	0	0
FLASH-seq	ZHA8833A9	multi	3696669	3674378	18833165	579468	3094910	1366235	179648	42	2128453	0	0
FLASH-seq	ZHA8833A9	single	24296954	24140627	41398947	20747994	3392633	19848659	790181	153	3501634	0	0
VASA own, 130 nt	001	multi	53985	43648	134898	22468	21180	7538	25636	3	10471	0	0
VASA own, 130 nt	001	single	58557	40249	52203	38250	1999	25041	13490	8	1710	0	0
VASA own, 130 nt	002	multi	644160	602844	2229555	91780	511064	154773	322774	68	125229	0	0
VASA own, 130 nt	002	single	1196866	884370	1219833	828581	55789	651197	192180	167	40826	0	0
VASA own, 130 nt	003	multi	1051729	985521	4540768	169377	816144	422080	272501	120	290820	0	0
VASA own, 130 nt	003	single	2044485	1761905	2486192	1606065	155840	1367110	307683	263	86849	0	0
VASA own, 130 nt	004	multi	814354	746183	3102561	162248	583935	232861	301543	105	211674	0	0
VASA own, 130 nt	004	single	1552387	1212355	1663430	1136262	76093	903160	252823	183	56189	0	0
VASA own, 130 nt	005	multi	734289	690571	2717566	106878	583693	206735	322392	74	161370	0	0
VASA own, 130 nt	005	single	1355009	1065590	1470056	995981	69609	798844	217415	155	49176	0	0
VASA own, 130 nt	006	multi	1004952	927755	3539247	180379	747376	272423	442955	99	212278	0	0
VASA own, 130 nt	006	single	2152465	1654261	2261507	1570198	84063	1217173	361552	241	75295	0	0
VASA own, 130 nt	007	multi	1992948	1852289	8083053	369102	1483187	704921	604447	127	542794	0	0
VASA own, 130 nt	007	single	4481534	3755896	5157794	3537997	217899	2777269	802145	615	175867	0	0
VASA own, 130 nt	008	multi	1307936	1206458	4851866	239211	967247	326738	559364	137	320219	0	0
VASA own, 130 nt	008	single	2764448	2069738	2800057	1961344	108394	1479192	492131	544	97871	0	0
VASA own, 130 nt	009	multi	1484072	1379154	5585297	271253	1107901	509183	510719	126	359126	0	0
VASA own, 130 nt	009	single	3478580	2915739	4001771	2768740	146999	2167161	615046	397	133135	0	0
VASA own, 130 nt	010	multi	3103555	2950300	14377977	496985	2453315	1042120	855629	275	1052276	0	0
VASA own, 130 nt	010	single	6560878	5642845	7800971	5292261	350584	4178018	1196587	905	267335	0	0
VASA own, 130 nt	011	multi	3178980	3027343	15452360	493688	2533655	1091924	776664	243	1158512	0	0
VASA own, 130 nt	011	single	6510118	5662621	7894378	5267508	395113	4195110	1181758	1002	284751	0	0
VASA own, 130 nt	012	multi	2535408	2408411	11822070	407164	2001247	914785	646194	218	847214	0	0
VASA own, 130 nt	012	single	5379812	4646682	6428758	4344089	302593	3458962	965032	555	222133	0	0
VASA own, 130 nt	013	multi	2648760	2516066	12443721	381444	2134622	802999	807943	232	904892	0	0
VASA own, 130 nt	013	single	4798690	3938006	5453767	3669226	268780	2908631	834162	757	194456	0	0
VASA own, 130 nt	014	multi	70049	52267	133586	30760	21507	5571	34656	0	12040	0	0
VASA own, 130 nt	014	single	57675	29900	36938	28491	1409	14033	14730	2	1135	0	0
VASA own, 130 nt	015	multi	84459	64755	175234	35540	29215	9565	41920	0	13270	0	0
VASA own, 130 nt	015	single	85198	50665	64305	48514	2151	28817	19702	5	2141	0	0
VASA own, 130 nt	016	multi	41328	30918	77598	19999	10919	3039	22620	1	5258	0	0
VASA own, 130 nt	016	single	34992	18305	22256	17683	622	7686	10009	1	609	0	0
VASA own, 75 nt	001	multi	63594	50841	160557	26478	24363	8656	29783	3	12399	0	0
VASA own, 75 nt	001	single	61952	40030	49068	38066	1964	23822	14632	8	1568	0	0
VASA own, 75 nt	002	multi	732998	681771	2735920	113131	568640	174443	352301	70	154957	0	0
VASA own, 75 nt	002	single	1131107	830219	1072419	777467	52752	604001	191156	164	34898	0	0
VASA own, 75 nt	003	multi	1190637	1114972	5703066	187786	927186	458566	303212	129	353065	0	0
VASA own, 75 nt	003	single	1923261	1650819	2183540	1501845	148974	1270260	305029	253	75277	0	0
VASA own, 75 nt	004	multi	933485	851167	3876836	188211	662956	257017	337318	104	256728	0	0
VASA own, 75 nt	004	single	1478627	1140699	1468356	1068932	71767	838126	254512	187	47874	0	0
VASA own, 75 nt	005	multi	831198	777244	3359743	126019	651225	228209	350634	79	198322	0	0
VASA own, 75 nt	005	single	1280665	1001537	1295289	935610	65927	742186	217147	163	42041	0	0
VASA own, 75 nt	006	multi	1166652	1070240	4411820	218679	851561	309823	491102	109	269206	0	0
VASA own, 75 nt	006	single	2047379	1557402	1991766	1477947	79455	1128457	364624	246	64075	0	0
VASA own, 75 nt	007	multi	2280128	2121284	10234818	403357	1717927	777930	681164	153	662037	0	0
VASA own, 75 nt	007	single	4210545	3525062	4527973	3319651	205411	2584368	792310	586	147798	0	0
VASA own, 75 nt	008	multi	1483333	1364009	5934437	272745	1091264	366550	612701	147	384611	0	0
VASA own, 75 nt	008	single	2610236	1946559	2470438	1845093	101466	1377241	486736	506	82076	0	0
VASA own, 75 nt	009	multi	1700859	1579409	7078070	307821	1271588	573419	555447	132	450411	0	0
VASA own, 75 nt	009	single	3284522	2732895	3503474	2595101	137794	2010742	610800	396	110957	0	0
VASA own, 75 nt	010	multi	3509748	3333472	18071319	519003	2814469	1138148	933491	325	1261508	0	0
VASA own, 75 nt	010	single	6159789	5278493	6823113	4948781	329712	3869293	1183959	900	224341	0	0
VASA own, 75 nt	011	multi	3576575	3398089	19393379	511082	2887007	1177467	850851	270	1369501	0	0
VASA own, 75 nt	011	single	6150491	5321466	6927195	4946452	375014	3904332	1174769	958	241407	0	0
VASA own, 75 nt	012	multi	2845254	2698157	14705357	428596	2269561	994891	696538	249	1006479	0	0
VASA own, 75 nt	012	single	5078220	4361416	5646889	4075311	286105	3215818	957188	531	187879	0	0
VASA own, 75 nt	013	multi	2983882	2827311	15460861	401797	2425514	861809	904230	277	1060995	0	0
VASA own, 75 nt	013	single	4497200	3691654	4785487	3438383	253271	2697692	829392	701	163869	0	0
VASA own, 75 nt	014	multi	91054	66600	166655	40434	26166	6995	44925	0	14680	0	0
VASA own, 75 nt	014	single	69941	32652	38338	31199	1453	13993	17541	3	1115	0	0
VASA own, 75 nt	015	multi	106663	80320	219124	45728	34592	10963	52929	1	16427	0	0
VASA own, 75 nt	015	single	98855	53665	64092	51541	2124	27900	23768	5	1992	0	0
VASA own, 75 nt	016	multi	48001	35570	89086	22878	12692	3447	25962	1	6160	0	0
VASA own, 75 nt	016	single	38167	18860	21885	18259	601	7536	10734	1	589	0	0
VASA published, mouse	002	multi	6485	6010	27523	1620	4390	2554	1119	0	2337	0	0
VASA published, mouse	002	single	35513	33756	41631	33010	746	21829	10595	2	1330	0	0
VASA published, mouse	004	multi	60096	54853	240140	14813	40040	24237	10618	3	19995	0	0
VASA published, mouse	004	single	398914	383960	471279	376517	7443	235102	137842	35	10981	0	0
VASA published, mouse	006	multi	57016	53396	243583	14392	39004	22541	10708	5	20142	0	0
VASA published, mouse	006	single	374203	358115	439081	349736	8379	210884	132061	17	15153	0	0
VASA published, mouse	008	multi	42038	40202	214583	6571	33631	21176	4802	1	14223	0	0
VASA published, mouse	008	single	161515	153867	192701	148503	5364	94364	52844	5	6654	0	0
VASA published, mouse	010	multi	59488	56923	278268	10015	46908	31423	6576	5	18919	0	0
VASA published, mouse	010	single	251967	239121	294774	230709	8412	147082	81907	37	10095	0	0
VASA published, mouse	012	multi	153684	144725	721693	28256	116469	68249	22262	18	54196	0	0
VASA published, mouse	012	single	695874	660928	816271	642154	18774	395601	237487	77	27763	0	0
VASA published, mouse	014	multi	12111	11139	53928	2050	9089	5766	1391	1	3981	0	0
VASA published, mouse	014	single	37339	33982	42890	32803	1179	23221	9294	11	1456	0	0
VASA published, mouse	016	multi	35959	32696	144910	10062	22634	12610	8362	2	11722	0	0
VASA published, mouse	016	single	244661	230355	280002	225076	5279	129826	90236	5	10288	0	0
VASA published, mouse	018	multi	60017	58068	335520	8165	49903	28103	5626	10	24329	0	0
VASA published, mouse	018	single	207927	198463	249250	190662	7801	125578	63909	23	8953	0	0
VASA published, mouse	020	multi	143593	136943	766792	22228	114715	66331	17754	7	52851	0	0
VASA published, mouse	020	single	559999	527079	651710	508666	18413	309423	193727	39	23890	0	0
VASA published, mouse	022	multi	46859	42891	183820	13468	29423	17921	11519	0	13451	0	0
VASA published, mouse	022	single	374258	347561	416576	339556	8005	177435	156340	10	13776	0	0
VASA published, mouse	026	multi	21225	19355	78147	6201	13154	8612	4381	1	6361	0	0
VASA published, mouse	026	single	133750	127371	154420	124709	2662	74438	47606	35	5292	0	0
VASA published, mouse	032	multi	16790	15660	61810	4805	10855	6868	3766	1	5025	0	0
VASA published, mouse	032	single	123190	117039	141375	114930	2109	67058	44983	6	4992	0	0
VASA published, mouse	034	multi	19857	18383	76537	5289	13094	8771	3968	0	5644	0	0
VASA published, mouse	034	single	134430	127014	152713	124588	2426	71270	50709	2	5033	0	0
VASA published, mouse	036	multi	36293	32464	130473	10253	22211	14595	7617	1	10251	0	0
VASA published, mouse	036	single	241395	228455	276449	224168	4287	128019	91778	4	8654	0	0
VASA published, mouse	038	multi	10651	9467	37020	3662	5805	3458	3192	0	2817	0	0
VASA published, mouse	038	single	83438	76564	91686	75059	1505	41028	32611	0	2925	0	0
VASA published, mouse	040	multi	4811	4381	18138	1341	3040	1973	1064	2	1342	0	0
VASA published, mouse	040	single	33196	30586	37067	29973	613	17140	12344	0	1102	0	0
VASA published, mouse	042	multi	15165	13958	62409	3916	10042	5945	3012	0	5001	0	0
VASA published, mouse	042	single	95149	89134	108392	87289	1845	51963	33554	0	3617	0	0
VASA published, mouse	044	multi	17804	16697	65696	4852	11845	8402	3309	0	4986	0	0
VASA published, mouse	044	single	114025	109799	134434	107755	2044	66629	38916	2	4252	0	0
VASA published, mouse	046	multi	15030	12795	55477	3080	9715	7024	1556	0	4215	0	0
VASA published, mouse	046	single	42914	32920	41886	32341	579	27851	3912	0	1157	0	0
VASA published, mouse	050	multi	14532	13429	55044	3697	9732	7061	2204	0	4164	0	0
VASA published, mouse	050	single	72595	66613	80456	65329	1284	41553	22551	0	2509	0	0
VASA published, mouse	054	multi	8401	7449	27041	2653	4796	3222	2055	0	2172	0	0
VASA published, mouse	054	single	55365	51007	60487	49904	1103	25894	23135	2	1976	0	0
VASA published, mouse	056	multi	110778	103241	492822	23608	79633	47725	17426	10	38080	0	0
VASA published, mouse	056	single	594069	564415	694713	548796	15619	333524	206849	46	23996	0	0
VASA published, mouse	058	multi	13300	12510	52723	3485	9025	6137	2116	1	4256	0	0
VASA published, mouse	058	single	83676	78965	95587	77554	1411	47323	28601	2	3039	0	0
VASA published, mouse	060	multi	25329	23817	99491	7200	16617	10615	5710	0	7492	0	0
VASA published, mouse	060	single	195130	187761	226852	183656	4105	104458	75798	0	7505	0	0
VASA published, mouse	062	multi	25092	23131	92067	7485	15646	10862	5447	0	6822	0	0
VASA published, mouse	062	single	189664	175605	206865	171712	3893	85608	82912	2	7083	0	0
VASA published, mouse	064	multi	33682	24262	92095	8776	15486	10334	6152	2	7774	0	0
VASA published, mouse	064	single	158164	141342	171298	138732	2610	83935	52233	0	5174	0	0
VASA published, mouse	066	multi	43738	40240	161727	12387	27853	17419	10417	7	12397	0	0
VASA published, mouse	066	single	278752	262074	317912	257147	4927	150209	101544	23	10298	0	0
VASA published, mouse	068	multi	20453	18444	74771	5169	13275	8899	3584	0	5961	0	0
VASA published, mouse	068	single	123466	115034	140238	112827	2207	74432	36704	0	3898	0	0
VASA published, mouse	070	multi	19351	17436	69432	5615	11821	6969	4561	1	5905	0	0
VASA published, mouse	070	single	118658	109545	131315	107179	2366	58556	46423	0	4566	0	0
VASA published, mouse	076	multi	42217	38269	149087	12803	25466	16796	9913	0	11560	0	0
VASA published, mouse	076	single	279270	259674	312765	254186	5488	146244	102201	27	11202	0	0
VASA published, mouse	078	multi	38184	35313	147993	10456	24857	15908	7824	1	11580	0	0
VASA published, mouse	078	single	244458	230053	281519	225237	4816	138721	82086	14	9232	0	0
VASA published, mouse	080	multi	32198	30204	124758	8162	22042	14617	6007	0	9580	0	0
VASA published, mouse	080	single	207901	199564	243385	195214	4350	116747	74828	8	7981	0	0
VASA published, mouse	082	multi	18223	16683	64708	4927	11756	8344	3122	0	5217	0	0
VASA published, mouse	082	single	93669	86114	103732	84417	1697	52031	30977	4	3102	0	0
VASA published, mouse	084	multi	13718	12772	51511	3399	9373	6574	2217	2	3979	0	0
VASA published, mouse	084	single	78755	73984	89402	72534	1450	44442	26687	0	2855	0	0
VASA published, mouse	086	multi	17920	16669	65844	4886	11783	7990	3341	0	5338	0	0
VASA published, mouse	086	single	117823	111029	133065	108871	2158	63541	43330	0	4158	0	0
VASA published, mouse	088	multi	51821	47351	184144	13471	33880	23754	9719	0	13878	0	0
VASA published, mouse	088	single	295248	278409	335836	273362	5047	164428	106044	25	7912	0	0
VASA published, mouse	090	multi	73753	68400	293330	18972	49428	30610	14298	2	23490	0	0
VASA published, mouse	090	single	449372	419173	507080	409968	9205	238381	163317	6	17469	0	0
VASA published, mouse	092	multi	40244	36224	146005	10490	25734	18163	6547	0	11514	0	0
VASA published, mouse	092	single	239088	225585	273479	221413	4172	134694	82485	6	8400	0	0
VASA published, mouse	094	multi	33955	30870	120876	9156	21714	14742	6793	10	9325	0	0
VASA published, mouse	094	single	224904	213097	259995	208794	4303	127596	77491	5	8005	0	0
VASA published, mouse	098	multi	21899	18707	77564	5202	13505	9648	2643	0	6416	0	0
VASA published, mouse	098	single	85356	77678	95851	76221	1457	55362	19487	4	2825	0	0
VASA published, mouse	100	multi	47497	44152	183539	12083	32069	21359	8023	1	14769	0	0
VASA published, mouse	100	single	297745	285144	349936	279624	5520	180911	93814	10	10409	0	0
VASA published, mouse	104	multi	16557	15005	59949	4949	10056	6664	3455	0	4886	0	0
VASA published, mouse	104	single	100336	93137	112366	91292	1845	54829	34614	3	3691	0	0
VASA published, mouse	106	multi	25991	24135	94410	6951	17184	11607	5210	0	7318	0	0
VASA published, mouse	106	single	148713	138008	165676	135687	2321	80110	52892	1	5005	0	0
VASA published, mouse	108	multi	37958	34147	140640	10786	23361	14855	8403	0	10889	0	0
VASA published, mouse	108	single	259485	242703	290139	237601	5102	129007	104092	8	9596	0	0
VASA published, mouse	112	multi	52050	46823	181993	15689	31134	19971	12541	3	14308	0	0
VASA published, mouse	112	single	374913	349132	417139	342492	6640	188095	147951	12	13074	0	0
VASA published, mouse	114	multi	35299	31823	142616	6587	25236	18468	4481	1	8873	0	0
VASA published, mouse	114	single	115653	103126	127007	100324	2802	66956	31980	19	4171	0	0
VASA published, mouse	116	multi	59184	53826	214568	16713	37113	24974	12344	4	16504	0	0
VASA published, mouse	116	single	389551	365739	443478	358466	7273	215134	136781	11	13813	0	0
VASA published, mouse	118	multi	8147	7173	26687	2373	4800	3070	1879	2	2222	0	0
VASA published, mouse	118	single	49382	44639	54239	43681	958	26460	16505	1	1673	0	0
VASA published, mouse	122	multi	23627	21393	86061	6432	14961	10192	4373	2	6826	0	0
VASA published, mouse	122	single	133294	122992	148817	120504	2488	73138	45093	0	4761	0	0
VASA published, mouse	124	multi	40455	37331	157629	10336	26995	17919	7092	2	12318	0	0
VASA published, mouse	124	single	272713	256346	314102	251147	5199	158246	87617	9	10474	0	0
VASA published, mouse	126	multi	3981	3604	14035	1134	2470	1586	845	0	1173	0	0
VASA published, mouse	126	single	22714	20799	25124	20385	414	12744	7283	2	770	0	0
VASA published, mouse	128	multi	47798	44087	180959	13603	30484	20136	9959	0	13992	0	0
VASA published, mouse	128	single	304573	284797	345778	278818	5979	165459	108539	3	10796	0	0
VASA published, mouse	130	multi	14636	13902	65772	2347	11555	8710	1220	3	3969	0	0
VASA published, mouse	130	single	33127	29644	37753	28578	1066	22648	5769	12	1215	0	0
VASA published, mouse	132	multi	32899	30187	122551	8529	21658	15064	5788	1	9334	0	0
VASA published, mouse	132	single	164613	152426	185011	149622	2804	95179	51631	14	5602	0	0
VASA published, mouse	134	multi	23423	10436	35133	5339	5097	3632	3783	0	3021	0	0
VASA published, mouse	134	single	68545	40599	48594	39873	726	21160	17655	0	1784	0	0
VASA published, mouse	136	multi	19571	18008	72926	5402	12606	8531	4060	2	5415	0	0
VASA published, mouse	136	single	127212	118261	143113	116033	2228	69412	44207	1	4641	0	0
VASA published, mouse	138	multi	16594	15065	61308	3822	11243	7923	2437	1	4704	0	0
VASA published, mouse	138	single	93168	87571	107120	85508	2063	54450	29935	0	3186	0	0
VASA published, mouse	140	multi	31374	28951	116723	8858	20093	12915	6904	0	9132	0	0
VASA published, mouse	140	single	198501	185376	223953	181625	3751	107642	70081	1	7652	0	0
VASA published, mouse	142	multi	41284	37313	148134	11216	26097	17624	8390	3	11296	0	0
VASA published, mouse	142	single	265718	245469	297097	240480	4989	142506	92853	2	10108	0	0
VASA published, mouse	146	multi	10580	9777	41095	2648	7129	4809	1559	0	3409	0	0
VASA published, mouse	146	single	57575	53315	65203	52385	930	36200	15184	2	1929	0	0
VASA published, mouse	148	multi	30735	28171	114578	8527	19644	12567	6365	1	9238	0	0
VASA published, mouse	148	single	188001	176678	213504	173274	3404	104701	65087	11	6879	0	0
VASA published, mouse	150	multi	17445	16090	66414	4811	11279	7050	3578	0	5462	0	0
VASA published, mouse	150	single	136840	127362	153273	124012	3350	67879	53887	1	5595	0	0
VASA published, mouse	154	multi	45829	42835	179561	12492	30343	19940	8702	1	14192	0	0
VASA published, mouse	154	single	310066	293662	354816	287880	5782	170699	111524	7	11432	0	0
VASA published, mouse	156	multi	29246	26063	103016	8098	17965	11675	6156	0	8232	0	0
VASA published, mouse	156	single	160558	146759	178105	143616	3143	85368	55665	6	5720	0	0
VASA published, mouse	158	multi	30154	26340	108795	8586	17754	11365	6361	7	8607	0	0
VASA published, mouse	158	single	194155	179234	216105	175619	3615	106086	66562	3	6583	0	0
VASA published, mouse	160	multi	31148	29431	148865	5920	23511	14256	4074	1	11100	0	0
VASA published, mouse	160	single	126112	120890	152113	117519	3371	80055	35428	1	5406	0	0
VASA published, mouse	162	multi	24546	21844	87775	6073	15771	10418	4687	0	6739	0	0
VASA published, mouse	162	single	132135	122297	149809	119677	2620	76208	41328	0	4761	0	0
VASA published, mouse	164	multi	16836	15124	59826	4462	10662	7369	3307	0	4448	0	0
VASA published, mouse	164	single	91790	84845	102068	83108	1737	49919	31663	0	3263	0	0
VASA published, mouse	166	multi	12353	11382	46039	3130	8252	5958	1836	0	3588	0	0
VASA published, mouse	166	single	57568	52443	64684	51431	1012	36111	14262	0	2070	0	0
VASA published, mouse	170	multi	11570	10656	42533	3305	7351	4726	2580	0	3350	0	0
VASA published, mouse	170	single	73480	68069	82013	66737	1332	37881	27600	7	2581	0	0
VASA published, mouse	172	multi	21816	19974	79743	6004	13970	9862	4190	1	5921	0	0
VASA published, mouse	172	single	127338	117132	139735	114705	2427	65543	47256	0	4333	0	0
VASA published, mouse	174	multi	11285	10320	39799	3365	6955	4800	2682	1	2837	0	0
VASA published, mouse	174	single	91867	84679	99926	82928	1751	42601	38635	1	3442	0	0
VASA published, mouse	176	multi	23295	21451	90380	5667	15784	10879	3403	2	7167	0	0
VASA published, mouse	176	single	107746	101701	125020	99576	2125	67774	30020	1	3906	0	0
VASA published, mouse	178	multi	24584	21848	86847	6817	15031	9999	5099	0	6750	0	0
VASA published, mouse	178	single	142382	131621	158792	129176	2445	77025	49581	7	5008	0	0
VASA published, mouse	180	multi	41820	37894	152264	12093	25801	17716	9148	2	11028	0	0
VASA published, mouse	180	single	253613	235553	283175	230699	4854	135483	91354	12	8704	0	0
VASA published, mouse	182	multi	20035	18277	70640	5678	12599	8572	4085	1	5619	0	0
VASA published, mouse	182	single	116666	109274	131153	107109	2165	66362	38658	5	4249	0	0
VASA published, mouse	184	multi	33491	31135	123727	9045	22090	15008	6577	0	9550	0	0
VASA published, mouse	184	single	219754	210116	255840	206474	3642	126893	75356	0	7867	0	0
VASA published, mouse	186	multi	81787	61311	238890	21377	39934	27436	14240	3	19632	0	0
VASA published, mouse	186	single	413962	381467	460503	373038	8429	214685	151221	2	15559	0	0
VASA published, mouse	188	multi	27635	25192	101291	7300	17892	11931	5131	0	8130	0	0
VASA published, mouse	188	single	163276	152027	183585	148531	3496	86728	59775	5	5519	0	0
VASA published, mouse	190	multi	32407	29208	115923	9258	19950	13227	6689	0	9292	0	0
VASA published, mouse	190	single	204536	190922	230984	187043	3879	110047	73425	8	7442	0	0
VASA published, mouse	194	multi	7279	5926	24910	1600	4326	2990	938	0	1998	0	0
VASA published, mouse	194	single	30733	27564	33819	26132	1432	17030	9649	8	877	0	0
VASA published, mouse	196	multi	15035	13733	59505	3473	10260	6550	2415	0	4768	0	0
VASA published, mouse	196	single	77381	72802	90535	70707	2095	48087	22477	13	2225	0	0
VASA published, mouse	198	multi	28735	21251	83766	6822	14429	10069	4753	0	6429	0	0
VASA published, mouse	198	single	154620	136062	164193	133677	2385	79897	51394	0	4771	0	0
VASA published, mouse	200	multi	32544	29624	120164	8808	20816	13746	6161	0	9717	0	0
VASA published, mouse	200	single	193680	181958	220990	178421	3537	108379	66327	2	7250	0	0
VASA published, mouse	202	multi	74482	68532	280969	20447	48085	31552	14869	2	22109	0	0
VASA published, mouse	202	single	478973	452888	550985	443541	9347	269664	165370	11	17843	0	0
VASA published, mouse	204	multi	26994	25172	109205	7206	17966	11285	5065	1	8821	0	0
VASA published, mouse	204	single	175107	165902	204628	162430	3472	107166	52337	5	6394	0	0
VASA published, mouse	208	multi	42671	40200	179882	9766	30434	18747	7560	0	13893	0	0
VASA published, mouse	208	single	263574	252976	308112	247293	5683	149979	95713	23	7261	0	0
VASA published, mouse	210	multi	43246	40625	168706	11393	29232	19804	7829	0	12992	0	0
VASA published, mouse	210	single	293843	282258	341354	276594	5664	162529	108436	12	11281	0	0
VASA published, mouse	214	multi	8766	8033	32692	2499	5534	3554	1853	0	2626	0	0
VASA published, mouse	214	single	52944	49607	60923	48710	897	31364	16330	3	1910	0	0
VASA published, mouse	215	multi	19261	17167	66612	5596	11571	7299	4652	1	5215	0	0
VASA published, mouse	215	single	134400	124425	147759	121908	2517	65963	53461	2	4999	0	0
VASA published, mouse	218	multi	35672	33218	143319	9410	23808	14308	7389	3	11518	0	0
VASA published, mouse	218	single	238150	226286	276040	221287	4999	131608	85436	7	9235	0	0
VASA published, mouse	220	multi	57418	52906	224619	15689	37217	23005	11844	5	18052	0	0
VASA published, mouse	220	single	390901	371358	452720	363313	8045	219850	136181	25	15302	0	0
VASA published, mouse	222	multi	40528	37298	147200	10815	26483	18403	7321	0	11574	0	0
VASA published, mouse	222	single	253284	237532	285757	233167	4365	140149	88919	1	8463	0	0
VASA published, mouse	224	multi	11893	10785	43412	2741	8044	5631	1646	0	3508	0	0
VASA published, mouse	224	single	52615	48688	59385	47658	1030	31350	15410	2	1926	0	0
VASA published, mouse	226	multi	21812	20192	78928	5723	14469	10394	3514	0	6284	0	0
VASA published, mouse	226	single	99725	93708	114357	92040	1668	62557	27950	1	3200	0	0
VASA published, mouse	228	multi	6264	5793	23012	1538	4255	3030	864	0	1899	0	0
VASA published, mouse	228	single	22106	19534	24116	19065	469	14934	3946	0	654	0	0
VASA published, mouse	230	multi	13180	12198	50698	3536	8662	5919	2213	0	4066	0	0
VASA published, mouse	230	single	74694	68781	83399	67374	1407	42516	23710	1	2554	0	0
VASA published, mouse	232	multi	19693	18221	76581	4876	13345	8537	4076	0	5608	0	0
VASA published, mouse	232	single	131389	122855	148659	120256	2599	69578	48657	1	4619	0	0
VASA published, mouse	234	multi	30030	27735	114123	8160	19575	12573	6036	0	9126	0	0
VASA published, mouse	234	single	204423	193546	236764	189595	3951	116255	69456	1	7834	0	0
VASA published, mouse	236	multi	11028	9564	38556	2906	6658	4460	2030	0	3074	0	0
VASA published, mouse	236	single	55962	51240	61521	50230	1010	31399	17984	1	1856	0	0
VASA published, mouse	238	multi	4526	4168	16272	1298	2870	1936	928	0	1304	0	0
VASA published, mouse	238	single	33675	31567	37123	30927	640	15791	14498	0	1278	0	0
VASA published, mouse	242	multi	33429	29794	120756	8778	21016	13933	6011	5	9845	0	0
VASA published, mouse	242	single	184331	169671	204625	165942	3729	101909	61684	24	6054	0	0
VASA published, mouse	244	multi	35507	32895	133884	9835	23060	15392	7154	1	10348	0	0
VASA published, mouse	244	single	232668	219225	265748	215048	4177	130609	80117	3	8496	0	0
VASA published, mouse	246	multi	25945	24122	99776	7437	16685	10714	5401	0	8007	0	0
VASA published, mouse	246	single	168907	157274	189590	154287	2987	90148	61404	1	5721	0	0
VASA published, mouse	248	multi	63188	57551	226758	17634	39917	26444	13599	6	17502	0	0
VASA published, mouse	248	single	396992	368213	449203	361306	6907	223419	130195	56	14543	0	0
VASA published, mouse	250	multi	42600	39843	178877	9153	30690	18735	7082	4	14022	0	0
VASA published, mouse	250	single	272991	255334	313858	249567	5767	150997	93467	4	10866	0	0
VASA published, mouse	252	multi	63979	58359	242027	17928	40431	25705	13606	0	19048	0	0
VASA published, mouse	252	single	380546	356037	432882	348362	7675	209725	132186	17	14109	0	0
VASA published, mouse	254	multi	66550	60785	244536	17968	42817	28273	13375	10	19127	0	0
VASA published, mouse	254	single	389249	365972	444563	358916	7056	214288	137818	7	13859	0	0
VASA published, mouse	256	multi	38878	34346	136405	10747	23599	15873	8186	2	10285	0	0
VASA published, mouse	256	single	245901	230926	281397	226324	4602	137510	84385	22	9009	0	0
VASA published, mouse	258	multi	38371	34733	145995	10693	24040	15020	8224	0	11489	0	0
VASA published, mouse	258	single	282797	267412	324569	261836	5576	153162	103422	2	10826	0	0
VASA published, mouse	260	multi	35584	32959	133993	9148	23811	15326	6886	5	10742	0	0
VASA published, mouse	260	single	199632	190458	232893	186685	3773	121031	62904	9	6514	0	0
VASA published, mouse	262	multi	21355	19638	75068	5901	13737	9554	4242	0	5842	0	0
VASA published, mouse	262	single	134734	125064	150926	122868	2196	75442	45170	4	4448	0	0
VASA published, mouse	263	multi	23964	22266	90447	6834	15432	10224	5084	2	6956	0	0
VASA published, mouse	263	single	161122	152775	184978	150000	2775	90547	56238	5	5985	0	0
VASA published, mouse	266	multi	108017	101214	490748	21916	79298	48609	16069	7	36529	0	0
VASA published, mouse	266	single	605263	563770	694369	547229	16541	335727	205510	11	22522	0	0
VASA published, mouse	268	multi	28009	25185	103416	7207	17978	11827	5373	1	7984	0	0
VASA published, mouse	268	single	147194	135664	164554	132885	2779	80645	49676	6	5337	0	0
VASA published, mouse	270	multi	35746	33053	143339	9143	23910	15473	6331	2	11247	0	0
VASA published, mouse	270	single	213624	200776	245109	196524	4252	123392	69965	15	7404	0	0
VASA published, mouse	272	multi	29982	27640	117275	8067	19573	12854	6044	0	8742	0	0
VASA published, mouse	272	single	200344	188613	228966	184732	3881	110161	71198	6	7248	0	0
VASA published, mouse	274	multi	19180	17747	74146	5081	12666	8602	3114	0	6031	0	0
VASA published, mouse	274	single	114983	109231	135796	106928	2303	73017	31913	0	4301	0	0
VASA published, mouse	276	multi	64894	61231	278199	15757	45474	27456	10714	1	23060	0	0
VASA published, mouse	276	single	440097	417660	510202	407327	10333	246644	153879	19	17118	0	0
VASA published, mouse	278	multi	12888	11566	44550	3668	7898	5120	3169	0	3277	0	0
VASA published, mouse	278	single	75431	68734	83131	67273	1461	39091	26731	2	2910	0	0
VASA published, mouse	280	multi	3341	2792	9578	1057	1735	1115	913	0	764	0	0
VASA published, mouse	280	single	19737	17164	20259	16847	317	8736	7717	0	711	0	0
VASA published, mouse	282	multi	46670	42511	184184	12965	29546	18369	9669	0	14473	0	0
VASA published, mouse	282	single	343101	321363	390115	314323	7040	178504	129935	4	12920	0	0
VASA published, mouse	284	multi	30426	27910	107710	9098	18812	13187	6810	4	7909	0	0
VASA published, mouse	284	single	191912	177771	214428	174379	3392	101071	69747	2	6951	0	0
VASA published, mouse	286	multi	43555	38383	153025	11943	26440	17865	8305	2	12211	0	0
VASA published, mouse	286	single	252351	233961	284256	229244	4717	139005	85829	9	9118	0	0
VASA published, mouse	287	multi	86381	79211	313169	23925	55286	37508	17518	2	24183	0	0
VASA published, mouse	287	single	572798	538196	655214	528656	9540	328509	189694	17	19976	0	0
VASA published, mouse	290	multi	12098	10426	42789	2958	7468	5147	1671	0	3608	0	0
VASA published, mouse	290	single	53053	49070	60137	48064	1006	32187	15162	4	1717	0	0
VASA published, mouse	292	multi	9490	7606	31755	2072	5534	3834	1142	0	2630	0	0
VASA published, mouse	292	single	43766	39693	49079	38320	1373	25352	12647	4	1690	0	0
VASA published, mouse	294	multi	74561	66984	297344	16236	50748	34053	10970	2	21959	0	0
VASA published, mouse	294	single	394916	370914	462280	359587	11327	236516	119054	22	15322	0	0
VASA published, mouse	296	multi	73176	67694	292129	19192	48502	30026	15512	4	22152	0	0
VASA published, mouse	296	single	470131	445320	540696	436108	9212	255668	171969	20	17663	0	0
VASA published, mouse	298	multi	6161	5476	22003	1753	3723	2407	1338	0	1731	0	0
VASA published, mouse	298	single	37162	34368	41026	33722	646	19666	13526	4	1172	0	0
VASA published, mouse	300	multi	102562	95545	431237	23723	71822	45312	18615	6	31612	0	0
VASA published, mouse	300	single	594679	554654	680785	540426	14228	330486	200651	22	23495	0	0
VASA published, mouse	302	multi	34386	32101	126964	9380	22721	15270	6648	3	10180	0	0
VASA published, mouse	302	single	230329	217032	261493	212741	4291	124938	83564	8	8522	0	0
VASA published, mouse	304	multi	8045	6255	29268	1988	4267	2459	1475	0	2321	0	0
VASA published, mouse	304	single	21911	19115	24063	18520	595	12801	5300	13	1001	0	0
VASA published, mouse	306	multi	12735	10946	45295	3702	7244	4804	2626	0	3516	0	0
VASA published, mouse	306	single	73476	66583	80660	65191	1392	38095	25870	5	2613	0	0
VASA published, mouse	308	multi	51321	47318	196353	13959	33359	22911	9811	5	14591	0	0
VASA published, mouse	308	single	339307	320662	389955	314308	6354	190417	117079	3	13163	0	0
VASA published, mouse	310	multi	53696	49810	208885	14181	35629	23081	10147	0	16582	0	0
VASA published, mouse	310	single	343772	327340	399846	320473	6867	194845	119305	13	13177	0	0
VASA published, mouse	311	multi	45608	42353	170722	12643	29710	19328	9643	3	13379	0	0
VASA published, mouse	311	single	328581	310089	375505	303520	6569	178053	119081	15	12940	0	0
VASA published, mouse	314	multi	81810	78294	368702	15244	63050	38176	11122	0	28996	0	0
VASA published, mouse	314	single	408770	386787	476325	375842	10945	229523	140357	24	16883	0	0
VASA published, mouse	316	multi	11835	11100	44788	2768	8332	5932	1689	0	3479	0	0
VASA published, mouse	316	single	56426	52985	65720	52086	899	38009	13153	0	1823	0	0
VASA published, mouse	318	multi	79657	74040	321630	20765	53275	32479	15589	1	25971	0	0
VASA published, mouse	318	single	594817	563427	680831	551516	11911	317607	223908	18	21894	0	0
VASA published, mouse	322	multi	119314	113856	553631	22691	91165	55757	16061	1	42037	0	0
VASA published, mouse	322	single	658936	623878	762294	608537	15341	363943	234469	41	25425	0	0
VASA published, mouse	324	multi	21256	19660	79388	5957	13703	8884	4370	0	6406	0	0
VASA published, mouse	324	single	152069	142285	173314	139454	2831	84348	52819	1	5117	0	0
VASA published, mouse	326	multi	37695	34699	140421	10899	23800	15372	8555	5	10767	0	0
VASA published, mouse	326	single	263361	245869	296197	240833	5036	138556	97965	10	9338	0	0
VASA published, mouse	328	multi	39709	27637	106222	11577	16060	11293	5795	0	10549	0	0
VASA published, mouse	328	single	166097	147823	182551	145023	2800	93885	47463	2	6473	0	0
VASA published, mouse	330	multi	14912	13570	55131	4421	9149	5789	3312	0	4469	0	0
VASA published, mouse	330	single	98545	91916	112670	89942	1974	55264	33127	0	3525	0	0
VASA published, mouse	332	multi	18392	17023	66148	4638	12385	8786	3224	1	5012	0	0
VASA published, mouse	332	single	103811	96876	117510	95007	1869	57974	35476	0	3426	0	0
VASA published, mouse	334	multi	44828	41463	183226	10588	30875	19943	7419	1	14100	0	0
VASA published, mouse	334	single	273477	255139	312883	248715	6424	151272	93072	4	10791	0	0
VASA published, mouse	335	multi	79653	74962	350283	17089	57873	36446	12264	4	26248	0	0
VASA published, mouse	335	single	446315	420887	516854	409447	11440	247042	155740	22	18083	0	0
VASA published, mouse	338	multi	13757	12637	55521	2896	9741	6205	2180	0	4252	0	0
VASA published, mouse	338	single	74200	69821	86480	68168	1653	44952	22770	8	2091	0	0
VASA published, mouse	340	multi	116467	108647	474417	29137	79510	50458	20707	0	37482	0	0
VASA published, mouse	340	single	803318	763705	934610	747630	16075	455410	278013	18	30264	0	0
VASA published, mouse	342	multi	57137	53724	228668	14545	39179	25127	9442	0	19155	0	0
VASA published, mouse	342	single	376672	358106	447097	351075	7031	245450	99009	22	13625	0	0
VASA published, mouse	344	multi	42112	38674	153042	12419	26255	16350	10447	2	11875	0	0
VASA published, mouse	344	single	305776	288381	344848	282910	5471	155827	121188	21	11345	0	0
VASA published, mouse	346	multi	16693	14771	58282	4902	9869	6730	3810	2	4229	0	0
VASA published, mouse	346	single	107025	98057	117499	96048	2009	54876	39549	3	3629	0	0
VASA published, mouse	348	multi	90910	84528	370001	22731	61797	37485	16955	4	30084	0	0
VASA published, mouse	348	single	596451	571934	701711	559582	12352	340492	208229	12	23201	0	0
VASA published, mouse	350	multi	44070	40782	163756	11741	29041	20333	7447	5	12997	0	0
VASA published, mouse	350	single	296820	281017	345444	275614	5403	180666	89710	24	10617	0	0
VASA published, mouse	352	multi	83835	76564	300188	23992	52572	34480	19750	0	22334	0	0
VASA published, mouse	352	single	594868	559112	673669	548618	10494	315473	222581	18	21040	0	0
VASA published, mouse	354	multi	43495	40069	166444	12975	27094	16355	9959	0	13755	0	0
VASA published, mouse	354	single	338479	319923	386544	313213	6710	178887	128426	1	12609	0	0
VASA published, mouse	356	multi	133228	124642	571133	28425	96217	59738	22335	8	42561	0	0
VASA published, mouse	356	single	702765	662514	808852	645785	16729	391533	245818	67	25096	0	0
VASA published, mouse	358	multi	62063	57673	249914	16210	41463	25865	11921	0	19887	0	0
VASA published, mouse	358	single	390506	373698	456509	365132	8566	215894	141587	13	16204	0	0
VASA published, mouse	359	multi	58659	52512	219824	15905	36607	24150	11586	4	16772	0	0
VASA published, mouse	359	single	406930	384926	468606	377352	7574	226641	142649	7	15629	0	0
VASA published, mouse	362	multi	57194	53630	231803	14383	39247	26099	9314	1	18216	0	0
VASA published, mouse	362	single	375154	361812	445475	354105	7707	224686	122810	9	14307	0	0
VASA published, mouse	364	multi	25788	23665	93900	7314	16351	10996	5644	0	7025	0	0
VASA published, mouse	364	single	150642	138875	167107	136293	2582	80789	52896	0	5190	0	0
VASA published, mouse	366	multi	11823	10944	43490	3294	7650	5139	2401	0	3404	0	0
VASA published, mouse	366	single	67699	64321	78092	63107	1214	39076	22675	0	2570	0	0
VASA published, mouse	368	multi	122182	115770	553075	26214	89556	57175	19018	8	39569	0	0
VASA published, mouse	368	single	634479	603681	750254	587837	15844	382359	197448	26	23848	0	0
VASA published, mouse	370	multi	181077	170130	839855	36861	133269	80945	27739	15	61431	0	0
VASA published, mouse	370	single	870994	821561	1013866	798203	23358	491467	295885	81	34128	0	0
VASA published, mouse	372	multi	83081	78875	375957	17717	61158	37658	11678	12	29527	0	0
VASA published, mouse	372	single	457909	434944	540517	422809	12135	278992	137611	43	18298	0	0
VASA published, mouse	374	multi	111743	105249	473651	28226	77023	47748	19652	5	37844	0	0
VASA published, mouse	374	single	722767	682407	832844	666052	16355	398041	255619	26	28721	0	0
VASA published, mouse	376	multi	132365	125994	608418	26648	99346	62799	18371	5	44819	0	0
VASA published, mouse	376	single	794715	762450	939963	743937	18513	457394	273629	42	31385	0	0
VASA published, mouse	378	multi	37952	34939	145349	10126	24813	16105	7604	5	11225	0	0
VASA published, mouse	378	single	229479	215986	261559	211030	4956	122384	85035	18	8549	0	0
VASA published, mouse	380	multi	40072	37392	159972	10416	26976	17407	7379	2	12604	0	0
VASA published, mouse	380	single	269647	253942	309368	248460	5482	151827	92167	0	9948	0	0
VASA published, mouse	382	multi	9328	8815	44833	1978	6837	3656	1300	0	3859	0	0
VASA published, mouse	382	single	48019	45800	57061	44647	1153	29904	14023	4	1869	0	0
VASA published, mouse	383	multi	107881	101042	452843	24117	76925	46616	18207	3	36216	0	0
VASA published, mouse	383	single	620978	583180	715257	568666	14514	348779	210415	13	23973	0	0
