genotype	length	reads	pct
XY	0	2533089	8.480190929828803
XY	1	767835	2.5705324221158823
XY	2	369828	1.2380978525415909
XY	3	376547	1.2605914968065655
XY	4	556350	1.8625299876199588
XY	5	799475	2.6764557595982144
XY	6	1284332	4.299643864581499
XY	7	1772959	5.93545304991587
XY	8	1542087	5.162547462961983
XY	9	1814113	6.073227039509673
XY	10	964494	3.228900867941987
XY	11	737114	2.4676856822045443
XY	12	611050	2.0456528245442183
XY	13	469471	1.5716793669774956
XY	14	415442	1.3908028814897293
XY	15	311771	1.0437365629015227
XY	16	301436	1.0091373943528532
XY	17	265658	0.8893609983843678
XY	18	245475	0.8217930236559888
XY	19	262380	0.8783870192355977
XY	20	193881	0.6490683500130228
XY	21	199245	0.6670257704382829
XY	22	161825	0.5417523415953983
XY	23	153349	0.5133766712888165
XY	24	141352	0.47321351453232036
XY	25	126117	0.42221028929390914
XY	26	120638	0.40386787570144084
XY	27	116807	0.3910425815833999
XY	28	109413	0.3662891948152468
XY	29	102664	0.34369511755013116
XY	30	98695	0.33040783163144033
XY	31	89822	0.3007030979563224
XY	32	88106	0.29495833034824137
XY	33	88508	0.2963041325501345
XY	34	93266	0.3122328063725408
XY	35	90190	0.3019350760913887
XY	36	76366	0.2556555496262888
XY	37	71676	0.23995452393753602
XY	38	73670	0.2466299706802595
XY	39	72882	0.2439919305432153
XY	40	71456	0.23921801526983333
XY	41	77541	0.2595891754651554
XY	42	74404	0.24908723141704936
XY	43	74647	0.2499007387181937
XY	44	76548	0.2562648431604792
XY	45	71590	0.2396666160037977
XY	46	68462	0.22919480185573401
XY	47	67939	0.22744391988660445
XY	48	82487	0.27614722942178044
XY	49	90956	0.30449946536166256
XY	50	73558	0.24625502081306538
XY	51	67658	0.22650319745194783
XY	52	67540	0.22610816098472547
XY	53	74958	0.2509418941529916
XY	54	73085	0.24467152717750462
XY	55	65078	0.2178659594397981
XY	56	45266	0.1515400061464996
XY	57	39644	0.13271886192002452
XY	58	44716	0.14969873447724288
XY	59	47984	0.1606392359592992
XY	60	48324	0.16177747662756697
XY	61	44631	0.14941417431017595
XY	62	45094	0.15096419027902297
XY	63	43690	0.14626392587241124
XY	64	45859	0.1535252317826255
XY	65	75833	0.2538711899904455
XY	66	10901	0.03649400448466823
XY	67	49962	0.16726111843528063
XY	68	83277	0.27879196509216736
XY	69	108941	0.3647090489463574
XY	70	137717	0.4610443826818691
XY	71	191617	0.6414890062690278
XY	72	437717	1.4653743840946267
XY	73	624320	2.090077688273376
XY	74	2407774	8.060665549405336
XY	75	5490108	18.37960058465397
XO	0	4114923	7.350098193969381
XO	1	1379158	2.4634596382480116
XO	2	668317	1.1937515172699549
XO	3	643079	1.1486712622519633
XO	4	1114240	1.990261643206554
XO	5	1634274	2.9191492467419478
XO	6	2479784	4.429403879449061
XO	7	3244864	5.795994001850402
XO	8	2793410	4.98960437315984
XO	9	3203239	5.721643196908492
XO	10	1821086	3.2528338731157116
XO	11	1355492	2.4211872983139524
XO	12	1140760	2.03763181370648
XO	13	850343	1.518887364005233
XO	14	786542	1.404925665360218
XO	15	556374	0.9937983122822761
XO	16	530558	0.9476856304713374
XO	17	466065	0.8324878776036245
XO	18	425913	0.7607681533987588
XO	19	439944	0.7858304031078261
XO	20	321907	0.5749920616560994
XO	21	342145	0.6111412890534413
XO	22	280895	0.501736200700482
XO	23	266581	0.47616845482808584
XO	24	244959	0.4375471189853481
XO	25	223745	0.39965455499645536
XO	26	217898	0.38921061129686757
XO	27	209394	0.3740207195196665
XO	28	203201	0.3629587487087297
XO	29	198698	0.35491546523357254
XO	30	176739	0.31569217812920297
XO	31	158569	0.2832368237557618
XO	32	152515	0.2724231355126791
XO	33	146864	0.2623292880958208
XO	34	151479	0.2705726265896805
XO	35	145137	0.25924451115564834
XO	36	131181	0.2343162268608908
XO	37	124994	0.2232649732830988
XO	38	126746	0.22639440536137448
XO	39	126390	0.2257585161947842
XO	40	122723	0.2192085005377997
XO	41	140257	0.2505278281978942
XO	42	131084	0.23414296492505018
XO	43	129964	0.23214241473802466
XO	44	130929	0.23386610306881006
XO	45	126874	0.22662303966846312
XO	46	129633	0.23155118070953765
XO	47	128389	0.22932914103751997
XO	48	145409	0.2597303590582117
XO	49	146953	0.26248826038746836
XO	50	141748	0.25319106063437197
XO	51	145253	0.2594517109964474
XO	52	150326	0.26851313162035867
XO	53	157862	0.28197397645020195
XO	54	138017	0.24652672782384313
XO	55	124228	0.22189673985161526
XO	56	88113	0.15738792734766216
XO	57	76953	0.13745387369837195
XO	58	86347	0.15423348839204867
XO	59	93185	0.16644756176604927
XO	60	95149	0.1699556694154405
XO	61	87682	0.15661807276676215
XO	62	88552	0.1581720715727552
XO	63	86844	0.15512123253754126
XO	64	93399	0.16682980974821307
XO	65	151513	0.2706333575775009
XO	66	23056	0.0411827545643401
XO	67	99960	0.17854910419202966
XO	68	158130	0.28245267953066877
XO	69	223777	0.39971171357322755
XO	70	288170	0.5147308458885274
XO	71	390608	0.697706167369351
XO	72	889720	1.589222778928898
XO	73	1292656	2.308949287999723
XO	74	4760083	8.502486549917059
XO	75	11122651	19.867340659169496
EpiLCs	0	5466973	5.745891682922075
EpiLCs	1	1946897	2.0462254486725904
EpiLCs	2	872907	0.9174417124914389
EpiLCs	3	920960	0.9679463213562448
EpiLCs	4	1667309	1.7523731900562014
EpiLCs	5	2656843	2.792392078126183
EpiLCs	6	4127340	4.337912146006866
EpiLCs	7	5185432	5.449986784488963
EpiLCs	8	4688669	4.927879506826641
EpiLCs	9	5250953	5.518850590649472
EpiLCs	10	3052184	3.2079029218450192
EpiLCs	11	2356709	2.476945586189579
EpiLCs	12	1964080	2.064285105595654
EpiLCs	13	1533633	1.6118771940806786
EpiLCs	14	1335748	1.403896328677642
EpiLCs	15	958716	1.0076285891085102
EpiLCs	16	886517	0.9317460790585629
EpiLCs	17	781293	0.821153671442174
EpiLCs	18	726768	0.7638468685713118
EpiLCs	19	734482	0.7719544279907676
EpiLCs	20	528524	0.5554886874006341
EpiLCs	21	555492	0.5838325637843371
EpiLCs	22	441335	0.4638514047686743
EpiLCs	23	414756	0.43591637471815353
EpiLCs	24	383219	0.4027703932025482
EpiLCs	25	340980	0.3583764079395982
EpiLCs	26	322518	0.3389724979056347
EpiLCs	27	315740	0.3318486921310597
EpiLCs	28	304712	0.32025805623816894
EpiLCs	29	291937	0.3068312904119376
EpiLCs	30	270360	0.28415345665596153
EpiLCs	31	238487	0.25065433280629645
EpiLCs	32	236750	0.2488287130614695
EpiLCs	33	230201	0.24194559060385784
EpiLCs	34	232734	0.244607821354374
EpiLCs	35	218589	0.22974115970176792
EpiLCs	36	192498	0.20231902685071493
EpiLCs	37	185093	0.1945362322563319
EpiLCs	38	185127	0.19457196689727843
EpiLCs	39	183337	0.19269064315332898
EpiLCs	40	175917	0.18489208327617543
EpiLCs	41	197435	0.20750790691992074
EpiLCs	42	194913	0.2048572373767696
EpiLCs	43	190701	0.2004303459748059
EpiLCs	44	190268	0.19997525481216338
EpiLCs	45	181369	0.19062223805383596
EpiLCs	46	177619	0.18668091736120446
EpiLCs	47	187340	0.19689787161535668
EpiLCs	48	211464	0.22225265038576805
EpiLCs	49	210075	0.22079278520121734
EpiLCs	50	179001	0.18813342541379557
EpiLCs	51	188532	0.19815068608618783
EpiLCs	52	220064	0.23129141250753632
EpiLCs	53	255590	0.2686299082212502
EpiLCs	54	234548	0.24651436955075628
EpiLCs	55	211709	0.2225101500043533
EpiLCs	56	151876	0.15962453907042765
EpiLCs	57	132395	0.13914964082691977
EpiLCs	58	149301	0.156918165528154
EpiLCs	59	159532	0.16767113939650413
EpiLCs	60	162978	0.17129295035831965
EpiLCs	61	146862	0.15435473054966647
EpiLCs	62	153411	0.16123785300727814
EpiLCs	63	150498	0.15817623509324197
EpiLCs	64	159381	0.16751243554994752
EpiLCs	65	269005	0.28272932611235735
EpiLCs	66	36712	0.03858500407143683
EpiLCs	67	178152	0.1872411104089838
EpiLCs	68	281221	0.2955685724006738
EpiLCs	69	381385	0.40084282462913856
EpiLCs	70	511748	0.5378567951500777
EpiLCs	71	683995	0.718891639241731
EpiLCs	72	1912102	2.009655247739227
EpiLCs	73	2597201	2.729707211792869
EpiLCs	74	9301520	9.776072866380233
EpiLCs	75	21233150	22.316440923933015
Blank control	0	1293090	28.75506569841705
Blank control	1	569041	12.654039038344536
Blank control	2	219114	4.87254364772982
Blank control	3	128192	2.8506673023621545
Blank control	4	125934	2.8004550678332154
Blank control	5	131819	2.931322649853944
Blank control	6	149814	3.331486139822171
Blank control	7	169584	3.7711211604763446
Blank control	8	171417	3.811882465122733
Blank control	9	175381	3.900031844074334
Blank control	10	67380	1.498361542320597
Blank control	11	49707	1.1053585215810315
Blank control	12	42285	0.9403119296085848
Blank control	13	35222	0.7832485937016335
Blank control	14	32984	0.7334811088142263
Blank control	15	29640	0.6591189687501112
Blank control	16	27923	0.620937212024607
Blank control	17	29207	0.649490139010948
Blank control	18	27871	0.6197808629566245
Blank control	19	35186	0.7824480443468762
Blank control	20	32404	0.7205833692098044
Blank control	21	29880	0.6644559644484926
Blank control	22	27593	0.6135988429393326
Blank control	23	30266	0.6730396325300562
Blank control	24	32350	0.7193825451776686
Blank control	25	32296	0.7181817211455328
Blank control	26	33261	0.7396408913494416
Blank control	27	33403	0.7427986138043172
Blank control	28	30689	0.6824460874484535
Blank control	29	30394	0.6758860302358596
Blank control	30	23464	0.5217802794450948
Blank control	31	20898	0.4647189004365663
Blank control	32	21494	0.47797243975421355
Blank control	33	22526	0.5009215212572539
Blank control	34	26115	0.5807318444301334
Blank control	35	23020	0.5119068374030891
Blank control	36	16154	0.3592242854652259
Blank control	37	13462	0.2993609837150471
Blank control	38	13366	0.2972261854356945
Blank control	39	12976	0.28855356742582466
Blank control	40	12996	0.28899831706735646
Blank control	41	13721	0.3051204915728838
Blank control	42	12495	0.27785733854698513
Blank control	43	13531	0.3008953699783318
Blank control	44	14624	0.32520093788804405
Blank control	45	10958	0.24367832859526714
Blank control	46	8449	0.18788448606510424
Blank control	47	7473	0.16618070355835293
Blank control	48	7477	0.16626965348665929
Blank control	49	7240	0.16099937023450758
Blank control	50	7448	0.1656247665064382
Blank control	51	7999	0.177877619130639
Blank control	52	9710	0.21592595096368353
Blank control	53	11623	0.2584662541761991
Blank control	54	10699	0.23791882073743048
Blank control	55	4480	0.09962391970312072
Blank control	56	2012	0.044741813938097966
Blank control	57	1906	0.042384640837979486
Blank control	58	1861	0.04138395414453296
Blank control	59	1777	0.039516005650099446
Blank control	60	1920	0.042695965587051736
Blank control	61	1811	0.040272080040703484
Blank control	62	1673	0.03720330751413414
Blank control	63	1762	0.03918244341895061
Blank control	64	1676	0.037270019960363915
Blank control	65	2424	0.05390365655365282
Blank control	66	385	0.008561430599486938
Blank control	67	1634	0.03633604571314716
Blank control	68	2382	0.05296968230643606
Blank control	69	3693	0.08212302130884483
Blank control	70	4369	0.09715555919261928
Blank control	71	6297	0.14002942463628373
Blank control	72	12997	0.28902055454943304
Blank control	73	23367	0.5196232436836656
Blank control	74	78263	1.7403720597601198
Blank control	75	166978	3.7131702821847528
