dataset	unit	panel	fraction	n_entries	source
VASA	002	ProteinCoding	0.5818270034717801	95590	PAPER code
VASA	003	ProteinCoding	0.618071115129156	95590	PAPER code
VASA	004	ProteinCoding	0.6238303569624534	95590	PAPER code
VASA	005	ProteinCoding	0.5976512141591094	95590	PAPER code
VASA	006	ProteinCoding	0.6418466741907396	95590	PAPER code
VASA	007	ProteinCoding	0.6703515871313742	95590	PAPER code
VASA	008	ProteinCoding	0.6316608025383772	95590	PAPER code
VASA	009	ProteinCoding	0.6857509458713806	95590	PAPER code
VASA	010	ProteinCoding	0.6444706120586138	95590	PAPER code
VASA	011	ProteinCoding	0.637682981587464	95590	PAPER code
VASA	012	ProteinCoding	0.6493114834437221	95590	PAPER code
VASA	013	ProteinCoding	0.5943220752705146	95590	PAPER code
VASA	002	lncRNA	0.06495537073848692	36893	PAPER code
VASA	003	lncRNA	0.049370263046863205	36893	PAPER code
VASA	004	lncRNA	0.06553935711239739	36893	PAPER code
VASA	005	lncRNA	0.05741170205153651	36893	PAPER code
VASA	006	lncRNA	0.07082862080708258	36893	PAPER code
VASA	007	lncRNA	0.05798612761006281	36893	PAPER code
VASA	008	lncRNA	0.06934248875687106	36893	PAPER code
VASA	009	lncRNA	0.058468436442590005	36893	PAPER code
VASA	010	lncRNA	0.04940002449536741	36893	PAPER code
VASA	011	lncRNA	0.046189917411264256	36893	PAPER code
VASA	012	lncRNA	0.047851671488035916	36893	PAPER code
VASA	013	lncRNA	0.04980813765682416	36893	PAPER code
VASA	002	smallRNA	0.15358958244508553	1881	PAPER code
VASA	003	smallRNA	0.25174385365216567	1881	PAPER code
VASA	004	smallRNA	0.19098879035594155	1881	PAPER code
VASA	005	smallRNA	0.1762035137357578	1881	PAPER code
VASA	006	smallRNA	0.13854687448225422	1881	PAPER code
VASA	007	smallRNA	0.18284240708916663	1881	PAPER code
VASA	008	smallRNA	0.15087674791884184	1881	PAPER code
VASA	009	smallRNA	0.15186487175528113	1881	PAPER code
VASA	010	smallRNA	0.21912847295474117	1881	PAPER code
VASA	011	smallRNA	0.23743456550243397	1881	PAPER code
VASA	012	smallRNA	0.22172638340267461	1881	PAPER code
VASA	013	smallRNA	0.24251123842290773	1881	PAPER code
VASA	002	tRNA	0.0	0	PAPER code
VASA	003	tRNA	0.0	0	PAPER code
VASA	004	tRNA	0.0	0	PAPER code
VASA	005	tRNA	0.0	0	PAPER code
VASA	006	tRNA	0.0	0	PAPER code
VASA	007	tRNA	0.0	0	PAPER code
VASA	008	tRNA	0.0	0	PAPER code
VASA	009	tRNA	0.0	0	PAPER code
VASA	010	tRNA	0.0	0	PAPER code
VASA	011	tRNA	0.0	0	PAPER code
VASA	012	tRNA	0.0	0	PAPER code
VASA	013	tRNA	0.0	0	PAPER code
VASA	002	TF	0.03797501647295943	14474	PAPER code
VASA	003	TF	0.03945383026779675	14474	PAPER code
VASA	004	TF	0.04058537716235746	14474	PAPER code
VASA	005	TF	0.037997238654612464	14474	PAPER code
VASA	006	TF	0.04001997725212179	14474	PAPER code
VASA	007	TF	0.04291498881883243	14474	PAPER code
VASA	008	TF	0.04065606295962886	14474	PAPER code
VASA	009	TF	0.042852372249013435	14474	PAPER code
VASA	010	TF	0.042814777695000236	14474	PAPER code
VASA	011	TF	0.04195191210915777	14474	PAPER code
VASA	012	TF	0.04291302372096211	14474	PAPER code
VASA	013	TF	0.039472568338155434	14474	PAPER code
VASA	002	Cofactor	0.05886176003189386	10785	PAPER code
VASA	003	Cofactor	0.06155738466929354	10785	PAPER code
VASA	004	Cofactor	0.06226611127121681	10785	PAPER code
VASA	005	Cofactor	0.05948447065806591	10785	PAPER code
VASA	006	Cofactor	0.07005092921768936	10785	PAPER code
VASA	007	Cofactor	0.07480823962795122	10785	PAPER code
VASA	008	Cofactor	0.07004548998523004	10785	PAPER code
VASA	009	Cofactor	0.07596104242746325	10785	PAPER code
VASA	010	Cofactor	0.06698970180885289	10785	PAPER code
VASA	011	Cofactor	0.06639168146976647	10785	PAPER code
VASA	012	Cofactor	0.06703514819653726	10785	PAPER code
VASA	013	Cofactor	0.06181537573161315	10785	PAPER code
FLASH-seq native	ZHA8833A1	ProteinCoding	0.8464837914899643	73972	PAPER code
FLASH-seq native	ZHA8833A10	ProteinCoding	0.8365676197098465	73972	PAPER code
FLASH-seq native	ZHA8833A2	ProteinCoding	0.8391538459278425	73972	PAPER code
FLASH-seq native	ZHA8833A3	ProteinCoding	0.8376395015453142	73972	PAPER code
FLASH-seq native	ZHA8833A4	ProteinCoding	0.8377814018419389	73972	PAPER code
FLASH-seq native	ZHA8833A5	ProteinCoding	0.8357323985511027	73972	PAPER code
FLASH-seq native	ZHA8833A6	ProteinCoding	0.8374359451147936	73972	PAPER code
FLASH-seq native	ZHA8833A7	ProteinCoding	0.8398653282913642	73972	PAPER code
FLASH-seq native	ZHA8833A8	ProteinCoding	0.8011372142724041	73972	PAPER code
FLASH-seq native	ZHA8833A9	ProteinCoding	0.8279533205639711	73972	PAPER code
FLASH-seq native	ZHA8833A1	lncRNA	0.04749205229407893	31955	PAPER code
FLASH-seq native	ZHA8833A10	lncRNA	0.04003376333885314	31955	PAPER code
FLASH-seq native	ZHA8833A2	lncRNA	0.047020945162753125	31955	PAPER code
FLASH-seq native	ZHA8833A3	lncRNA	0.04188366639627442	31955	PAPER code
FLASH-seq native	ZHA8833A4	lncRNA	0.0413735982632885	31955	PAPER code
FLASH-seq native	ZHA8833A5	lncRNA	0.04097191192603396	31955	PAPER code
FLASH-seq native	ZHA8833A6	lncRNA	0.041421167965330984	31955	PAPER code
FLASH-seq native	ZHA8833A7	lncRNA	0.041248681505263514	31955	PAPER code
FLASH-seq native	ZHA8833A8	lncRNA	0.043481783954744314	31955	PAPER code
FLASH-seq native	ZHA8833A9	lncRNA	0.04210053242558152	31955	PAPER code
FLASH-seq native	ZHA8833A1	smallRNA	0.002441097010558045	1035	PAPER code
FLASH-seq native	ZHA8833A10	smallRNA	0.0022324316543773978	1035	PAPER code
FLASH-seq native	ZHA8833A2	smallRNA	0.002382230024272216	1035	PAPER code
FLASH-seq native	ZHA8833A3	smallRNA	0.00245921722255487	1035	PAPER code
FLASH-seq native	ZHA8833A4	smallRNA	0.0025581831860571093	1035	PAPER code
FLASH-seq native	ZHA8833A5	smallRNA	0.0022276305115218487	1035	PAPER code
FLASH-seq native	ZHA8833A6	smallRNA	0.0018440198726161106	1035	PAPER code
FLASH-seq native	ZHA8833A7	smallRNA	0.001677961223711217	1035	PAPER code
FLASH-seq native	ZHA8833A8	smallRNA	0.0046106153664943325	1035	PAPER code
FLASH-seq native	ZHA8833A9	smallRNA	0.0029985332768098236	1035	PAPER code
FLASH-seq native	ZHA8833A1	tRNA	0.0	0	PAPER code
FLASH-seq native	ZHA8833A10	tRNA	0.0	0	PAPER code
FLASH-seq native	ZHA8833A2	tRNA	0.0	0	PAPER code
FLASH-seq native	ZHA8833A3	tRNA	0.0	0	PAPER code
FLASH-seq native	ZHA8833A4	tRNA	0.0	0	PAPER code
FLASH-seq native	ZHA8833A5	tRNA	0.0	0	PAPER code
FLASH-seq native	ZHA8833A6	tRNA	0.0	0	PAPER code
FLASH-seq native	ZHA8833A7	tRNA	0.0	0	PAPER code
FLASH-seq native	ZHA8833A8	tRNA	0.0	0	PAPER code
FLASH-seq native	ZHA8833A9	tRNA	0.0	0	PAPER code
FLASH-seq native	ZHA8833A1	TF	0.046737328282193964	17874	PAPER code
FLASH-seq native	ZHA8833A10	TF	0.04303476567887596	17874	PAPER code
FLASH-seq native	ZHA8833A2	TF	0.044900376740962866	17874	PAPER code
FLASH-seq native	ZHA8833A3	TF	0.044881961467945874	17874	PAPER code
FLASH-seq native	ZHA8833A4	TF	0.04410114237075164	17874	PAPER code
FLASH-seq native	ZHA8833A5	TF	0.04420338998428169	17874	PAPER code
FLASH-seq native	ZHA8833A6	TF	0.044588248725820956	17874	PAPER code
FLASH-seq native	ZHA8833A7	TF	0.04397298913917774	17874	PAPER code
FLASH-seq native	ZHA8833A8	TF	0.030502506204812322	17874	PAPER code
FLASH-seq native	ZHA8833A9	TF	0.040755403232135806	17874	PAPER code
FLASH-seq native	ZHA8833A1	Cofactor	0.08830935289180104	15191	PAPER code
FLASH-seq native	ZHA8833A10	Cofactor	0.0856585787426073	15191	PAPER code
FLASH-seq native	ZHA8833A2	Cofactor	0.08748894888644286	15191	PAPER code
FLASH-seq native	ZHA8833A3	Cofactor	0.08657444098843571	15191	PAPER code
FLASH-seq native	ZHA8833A4	Cofactor	0.0852871474183196	15191	PAPER code
FLASH-seq native	ZHA8833A5	Cofactor	0.08616640998713956	15191	PAPER code
FLASH-seq native	ZHA8833A6	Cofactor	0.08685548333049259	15191	PAPER code
FLASH-seq native	ZHA8833A7	Cofactor	0.08727895202257484	15191	PAPER code
FLASH-seq native	ZHA8833A8	Cofactor	0.06535711843323679	15191	PAPER code
FLASH-seq native	ZHA8833A9	Cofactor	0.08291915890992142	15191	PAPER code
FLASH-seq vasalen	ZHA8833A1	ProteinCoding	0.8216053535792345	148330	PAPER code
FLASH-seq vasalen	ZHA8833A10	ProteinCoding	0.8102482025294988	148330	PAPER code
FLASH-seq vasalen	ZHA8833A2	ProteinCoding	0.8132700759783611	148330	PAPER code
FLASH-seq vasalen	ZHA8833A3	ProteinCoding	0.8130047588919372	148330	PAPER code
FLASH-seq vasalen	ZHA8833A4	ProteinCoding	0.8127829169948159	148330	PAPER code
FLASH-seq vasalen	ZHA8833A5	ProteinCoding	0.8107331394085889	148330	PAPER code
FLASH-seq vasalen	ZHA8833A6	ProteinCoding	0.8127310404512856	148330	PAPER code
FLASH-seq vasalen	ZHA8833A7	ProteinCoding	0.81392042024312	148330	PAPER code
FLASH-seq vasalen	ZHA8833A8	ProteinCoding	0.764401063030431	148330	PAPER code
FLASH-seq vasalen	ZHA8833A9	ProteinCoding	0.7985012659318378	148330	PAPER code
FLASH-seq vasalen	ZHA8833A1	lncRNA	0.043550766813802405	47537	PAPER code
FLASH-seq vasalen	ZHA8833A10	lncRNA	0.03635087378780503	47537	PAPER code
FLASH-seq vasalen	ZHA8833A2	lncRNA	0.04329429064981214	47537	PAPER code
FLASH-seq vasalen	ZHA8833A3	lncRNA	0.038087856925672944	47537	PAPER code
FLASH-seq vasalen	ZHA8833A4	lncRNA	0.0375413253557947	47537	PAPER code
FLASH-seq vasalen	ZHA8833A5	lncRNA	0.03721235896827386	47537	PAPER code
FLASH-seq vasalen	ZHA8833A6	lncRNA	0.03763079654079779	47537	PAPER code
FLASH-seq vasalen	ZHA8833A7	lncRNA	0.03739291556594526	47537	PAPER code
FLASH-seq vasalen	ZHA8833A8	lncRNA	0.04065320147520031	47537	PAPER code
FLASH-seq vasalen	ZHA8833A9	lncRNA	0.03949648593908863	47537	PAPER code
FLASH-seq vasalen	ZHA8833A1	smallRNA	0.002660540677516802	1826	PAPER code
FLASH-seq vasalen	ZHA8833A10	smallRNA	0.0024711147380231356	1826	PAPER code
FLASH-seq vasalen	ZHA8833A2	smallRNA	0.002575042251834781	1826	PAPER code
FLASH-seq vasalen	ZHA8833A3	smallRNA	0.002636323961375521	1826	PAPER code
FLASH-seq vasalen	ZHA8833A4	smallRNA	0.002764207132045321	1826	PAPER code
FLASH-seq vasalen	ZHA8833A5	smallRNA	0.0024204704463162956	1826	PAPER code
FLASH-seq vasalen	ZHA8833A6	smallRNA	0.0020410115497192668	1826	PAPER code
FLASH-seq vasalen	ZHA8833A7	smallRNA	0.00189192879095487	1826	PAPER code
FLASH-seq vasalen	ZHA8833A8	smallRNA	0.004774356846733209	1826	PAPER code
FLASH-seq vasalen	ZHA8833A9	smallRNA	0.003220413954623652	1826	PAPER code
FLASH-seq vasalen	ZHA8833A1	tRNA	0.0	0	PAPER code
FLASH-seq vasalen	ZHA8833A10	tRNA	0.0	0	PAPER code
FLASH-seq vasalen	ZHA8833A2	tRNA	0.0	0	PAPER code
FLASH-seq vasalen	ZHA8833A3	tRNA	0.0	0	PAPER code
FLASH-seq vasalen	ZHA8833A4	tRNA	0.0	0	PAPER code
FLASH-seq vasalen	ZHA8833A5	tRNA	0.0	0	PAPER code
FLASH-seq vasalen	ZHA8833A6	tRNA	0.0	0	PAPER code
FLASH-seq vasalen	ZHA8833A7	tRNA	0.0	0	PAPER code
FLASH-seq vasalen	ZHA8833A8	tRNA	0.0	0	PAPER code
FLASH-seq vasalen	ZHA8833A9	tRNA	0.0	0	PAPER code
FLASH-seq vasalen	ZHA8833A1	TF	0.047046148848769315	37426	PAPER code
FLASH-seq vasalen	ZHA8833A10	TF	0.04331004905083016	37426	PAPER code
FLASH-seq vasalen	ZHA8833A2	TF	0.04516457524241813	37426	PAPER code
FLASH-seq vasalen	ZHA8833A3	TF	0.04512138966385805	37426	PAPER code
FLASH-seq vasalen	ZHA8833A4	TF	0.0443643149031418	37426	PAPER code
FLASH-seq vasalen	ZHA8833A5	TF	0.044421567575620984	37426	PAPER code
FLASH-seq vasalen	ZHA8833A6	TF	0.04480506306764676	37426	PAPER code
FLASH-seq vasalen	ZHA8833A7	TF	0.04418116500486494	37426	PAPER code
FLASH-seq vasalen	ZHA8833A8	TF	0.030499400660684073	37426	PAPER code
FLASH-seq vasalen	ZHA8833A9	TF	0.04117602695405293	37426	PAPER code
FLASH-seq vasalen	ZHA8833A1	Cofactor	0.0886044861507177	30008	PAPER code
FLASH-seq vasalen	ZHA8833A10	Cofactor	0.08582708925983054	30008	PAPER code
FLASH-seq vasalen	ZHA8833A2	Cofactor	0.08762422430615721	30008	PAPER code
FLASH-seq vasalen	ZHA8833A3	Cofactor	0.08668177359134481	30008	PAPER code
FLASH-seq vasalen	ZHA8833A4	Cofactor	0.08540362705483319	30008	PAPER code
FLASH-seq vasalen	ZHA8833A5	Cofactor	0.08623333976547819	30008	PAPER code
FLASH-seq vasalen	ZHA8833A6	Cofactor	0.08691634734958818	30008	PAPER code
FLASH-seq vasalen	ZHA8833A7	Cofactor	0.08721863507313392	30008	PAPER code
FLASH-seq vasalen	ZHA8833A8	Cofactor	0.06449367584678233	30008	PAPER code
FLASH-seq vasalen	ZHA8833A9	Cofactor	0.08267792038865102	30008	PAPER code
