dataset	unit	depth	genes	total_reads	source
VASA	002	5000	2419.6779326768124	1444792	MINE (reimplementation)
VASA	002	10000	4006.472531732564	1444792	MINE (reimplementation)
VASA	002	15000	5226.794485339965	1444792	MINE (reimplementation)
VASA	002	20000	6221.429448898337	1444792	MINE (reimplementation)
VASA	002	25000	7061.070859164081	1444792	MINE (reimplementation)
VASA	002	50000	9988.704998322351	1444792	MINE (reimplementation)
VASA	002	75000	11883.713118488187	1444792	MINE (reimplementation)
VASA	003	5000	2476.32104445263	2656903	MINE (reimplementation)
VASA	003	10000	4072.3247713860114	2656903	MINE (reimplementation)
VASA	003	15000	5291.787117699264	2656903	MINE (reimplementation)
VASA	003	20000	6281.78479774817	2656903	MINE (reimplementation)
VASA	003	25000	7115.485482350834	2656903	MINE (reimplementation)
VASA	003	50000	10017.126084335696	2656903	MINE (reimplementation)
VASA	003	75000	11900.904619250548	2656903	MINE (reimplementation)
VASA	004	5000	2571.976016951571	1880702	MINE (reimplementation)
VASA	004	10000	4243.246495823395	1880702	MINE (reimplementation)
VASA	004	15000	5525.1530461992115	1880702	MINE (reimplementation)
VASA	004	20000	6570.064299063093	1880702	MINE (reimplementation)
VASA	004	25000	7453.431884749365	1880702	MINE (reimplementation)
VASA	004	50000	10554.891354416797	1880702	MINE (reimplementation)
VASA	004	75000	12591.08699430663	1880702	MINE (reimplementation)
VASA	005	5000	2450.7496159130055	1704966	MINE (reimplementation)
VASA	005	10000	4054.151083065839	1704966	MINE (reimplementation)
VASA	005	15000	5286.306802655322	1704966	MINE (reimplementation)
VASA	005	20000	6290.393657745102	1704966	MINE (reimplementation)
VASA	005	25000	7138.231527280294	1704966	MINE (reimplementation)
VASA	005	50000	10100.064666288295	1704966	MINE (reimplementation)
VASA	005	75000	12024.517663887891	1704966	MINE (reimplementation)
VASA	006	5000	2599.9061221414254	2504849	MINE (reimplementation)
VASA	006	10000	4279.184036998955	2504849	MINE (reimplementation)
VASA	006	15000	5563.814153007474	2504849	MINE (reimplementation)
VASA	006	20000	6608.913369848739	2504849	MINE (reimplementation)
VASA	006	25000	7491.149218417937	2504849	MINE (reimplementation)
VASA	006	50000	10581.949421211955	2504849	MINE (reimplementation)
VASA	006	75000	12607.783519123019	2504849	MINE (reimplementation)
VASA	007	5000	2647.749752926497	5450683	MINE (reimplementation)
VASA	007	10000	4332.127384666885	5450683	MINE (reimplementation)
VASA	007	15000	5609.47186474426	5450683	MINE (reimplementation)
VASA	007	20000	6642.431946462866	5450683	MINE (reimplementation)
VASA	007	25000	7510.790151286145	5450683	MINE (reimplementation)
VASA	007	50000	10535.007780263431	5450683	MINE (reimplementation)
VASA	007	75000	12509.330247241718	5450683	MINE (reimplementation)
VASA	008	5000	2600.2779188015493	3169269	MINE (reimplementation)
VASA	008	10000	4283.845052078791	3169269	MINE (reimplementation)
VASA	008	15000	5571.57071605213	3169269	MINE (reimplementation)
VASA	008	20000	6619.2171643867705	3169269	MINE (reimplementation)
VASA	008	25000	7503.813661295445	3169269	MINE (reimplementation)
VASA	008	50000	10606.299541845956	3169269	MINE (reimplementation)
VASA	008	75000	12643.94623395989	3169269	MINE (reimplementation)
VASA	009	5000	2679.2917129541897	4177365	MINE (reimplementation)
VASA	009	10000	4381.2429707528	4177365	MINE (reimplementation)
VASA	009	15000	5671.293623485061	4177365	MINE (reimplementation)
VASA	009	20000	6714.631127667851	4177365	MINE (reimplementation)
VASA	009	25000	7592.036359096061	4177365	MINE (reimplementation)
VASA	009	50000	10653.143460372123	4177365	MINE (reimplementation)
VASA	009	75000	12659.917368228536	4177365	MINE (reimplementation)
VASA	010	5000	2534.351413441274	8385259	MINE (reimplementation)
VASA	010	10000	4146.268393809198	8385259	MINE (reimplementation)
VASA	010	15000	5365.91508552608	8385259	MINE (reimplementation)
VASA	010	20000	6349.229884274977	8385259	MINE (reimplementation)
VASA	010	25000	7173.047206036239	8385259	MINE (reimplementation)
VASA	010	50000	10016.587349287589	8385259	MINE (reimplementation)
VASA	010	75000	11850.536491031799	8385259	MINE (reimplementation)
VASA	011	5000	2512.524853450539	8478517	MINE (reimplementation)
VASA	011	10000	4107.477644672363	8478517	MINE (reimplementation)
VASA	011	15000	5312.778108298048	8478517	MINE (reimplementation)
VASA	011	20000	6283.428756217766	8478517	MINE (reimplementation)
VASA	011	25000	7095.76853062768	8478517	MINE (reimplementation)
VASA	011	50000	9891.19618800095	8478517	MINE (reimplementation)
VASA	011	75000	11683.999552227011	8478517	MINE (reimplementation)
VASA	012	5000	2538.662616021877	6872529	MINE (reimplementation)
VASA	012	10000	4144.644184233908	6872529	MINE (reimplementation)
VASA	012	15000	5355.751044730779	6872529	MINE (reimplementation)
VASA	012	20000	6329.908183270304	6872529	MINE (reimplementation)
VASA	012	25000	7144.598879233138	6872529	MINE (reimplementation)
VASA	012	50000	9947.010025150686	6872529	MINE (reimplementation)
VASA	012	75000	11746.936686595493	6872529	MINE (reimplementation)
VASA	013	5000	2409.2958432224873	6296702	MINE (reimplementation)
VASA	013	10000	3969.586072123536	6296702	MINE (reimplementation)
VASA	013	15000	5162.379546828209	6296702	MINE (reimplementation)
VASA	013	20000	6130.833641346379	6296702	MINE (reimplementation)
VASA	013	25000	6946.247872348458	6296702	MINE (reimplementation)
VASA	013	50000	9779.601818549656	6296702	MINE (reimplementation)
VASA	013	75000	11610.588845293862	6296702	MINE (reimplementation)
FLASH-seq native	ZHA8833A1	5000	3081.1159314029746	26943624	MINE (reimplementation)
FLASH-seq native	ZHA8833A1	10000	4943.579519753493	26943624	MINE (reimplementation)
FLASH-seq native	ZHA8833A1	15000	6333.92093158519	26943624	MINE (reimplementation)
FLASH-seq native	ZHA8833A1	20000	7451.113216923293	26943624	MINE (reimplementation)
FLASH-seq native	ZHA8833A1	25000	8387.343807257146	26943624	MINE (reimplementation)
FLASH-seq native	ZHA8833A1	50000	11636.688525224057	26943624	MINE (reimplementation)
FLASH-seq native	ZHA8833A1	75000	13752.088492997871	26943624	MINE (reimplementation)
FLASH-seq native	ZHA8833A10	5000	2966.650274269657	20605782	MINE (reimplementation)
FLASH-seq native	ZHA8833A10	10000	4668.037948790956	20605782	MINE (reimplementation)
FLASH-seq native	ZHA8833A10	15000	5897.313086180937	20605782	MINE (reimplementation)
FLASH-seq native	ZHA8833A10	20000	6861.562431991592	20605782	MINE (reimplementation)
FLASH-seq native	ZHA8833A10	25000	7654.476100442135	20605782	MINE (reimplementation)
FLASH-seq native	ZHA8833A10	50000	10308.677981467217	20605782	MINE (reimplementation)
FLASH-seq native	ZHA8833A10	75000	11963.921233657213	20605782	MINE (reimplementation)
FLASH-seq native	ZHA8833A2	5000	3079.675856421549	22804263	MINE (reimplementation)
FLASH-seq native	ZHA8833A2	10000	4959.556045246435	22804263	MINE (reimplementation)
FLASH-seq native	ZHA8833A2	15000	6373.36509661843	22804263	MINE (reimplementation)
FLASH-seq native	ZHA8833A2	20000	7515.331230087279	22804263	MINE (reimplementation)
FLASH-seq native	ZHA8833A2	25000	8476.209857932703	22804263	MINE (reimplementation)
FLASH-seq native	ZHA8833A2	50000	11838.412720642244	22804263	MINE (reimplementation)
FLASH-seq native	ZHA8833A2	75000	14050.632729921697	22804263	MINE (reimplementation)
FLASH-seq native	ZHA8833A3	5000	3081.5917423317037	22851987	MINE (reimplementation)
FLASH-seq native	ZHA8833A3	10000	4964.3441644233035	22851987	MINE (reimplementation)
FLASH-seq native	ZHA8833A3	15000	6382.279679455703	22851987	MINE (reimplementation)
FLASH-seq native	ZHA8833A3	20000	7529.478070413327	22851987	MINE (reimplementation)
FLASH-seq native	ZHA8833A3	25000	8496.206730706677	22851987	MINE (reimplementation)
FLASH-seq native	ZHA8833A3	50000	11888.813484538314	22851987	MINE (reimplementation)
FLASH-seq native	ZHA8833A3	75000	14127.351050658935	22851987	MINE (reimplementation)
FLASH-seq native	ZHA8833A4	5000	3073.103448689767	28082039	MINE (reimplementation)
FLASH-seq native	ZHA8833A4	10000	4944.337140393916	28082039	MINE (reimplementation)
FLASH-seq native	ZHA8833A4	15000	6352.110500868786	28082039	MINE (reimplementation)
FLASH-seq native	ZHA8833A4	20000	7490.545362581582	28082039	MINE (reimplementation)
FLASH-seq native	ZHA8833A4	25000	8449.691831779674	28082039	MINE (reimplementation)
FLASH-seq native	ZHA8833A4	50000	11815.218287017908	28082039	MINE (reimplementation)
FLASH-seq native	ZHA8833A4	75000	14035.247294280525	28082039	MINE (reimplementation)
FLASH-seq native	ZHA8833A5	5000	3068.530082200846	26453220	MINE (reimplementation)
FLASH-seq native	ZHA8833A5	10000	4940.6616197140165	26453220	MINE (reimplementation)
FLASH-seq native	ZHA8833A5	15000	6351.501023071247	26453220	MINE (reimplementation)
FLASH-seq native	ZHA8833A5	20000	7493.884692616263	26453220	MINE (reimplementation)
FLASH-seq native	ZHA8833A5	25000	8457.354887294161	26453220	MINE (reimplementation)
FLASH-seq native	ZHA8833A5	50000	11845.786728180728	26453220	MINE (reimplementation)
FLASH-seq native	ZHA8833A5	75000	14088.122432348322	26453220	MINE (reimplementation)
FLASH-seq native	ZHA8833A6	5000	3072.96596846192	21608227	MINE (reimplementation)
FLASH-seq native	ZHA8833A6	10000	4951.534991716395	21608227	MINE (reimplementation)
FLASH-seq native	ZHA8833A6	15000	6368.039443161758	21608227	MINE (reimplementation)
FLASH-seq native	ZHA8833A6	20000	7514.9580409684295	21608227	MINE (reimplementation)
FLASH-seq native	ZHA8833A6	25000	8481.926107842926	21608227	MINE (reimplementation)
FLASH-seq native	ZHA8833A6	50000	11878.03742438307	21608227	MINE (reimplementation)
FLASH-seq native	ZHA8833A6	75000	14120.806260411151	21608227	MINE (reimplementation)
FLASH-seq native	ZHA8833A7	5000	3004.7570458445666	21066637	MINE (reimplementation)
FLASH-seq native	ZHA8833A7	10000	4790.09006335439	21066637	MINE (reimplementation)
FLASH-seq native	ZHA8833A7	15000	6109.295106026404	21066637	MINE (reimplementation)
FLASH-seq native	ZHA8833A7	20000	7160.268191085184	21066637	MINE (reimplementation)
FLASH-seq native	ZHA8833A7	25000	8034.570977028663	21066637	MINE (reimplementation)
FLASH-seq native	ZHA8833A7	50000	11022.411586729553	21066637	MINE (reimplementation)
FLASH-seq native	ZHA8833A7	75000	12927.117126098517	21066637	MINE (reimplementation)
FLASH-seq native	ZHA8833A8	5000	2500.1717732933657	23805716	MINE (reimplementation)
FLASH-seq native	ZHA8833A8	10000	3947.0320313615903	23805716	MINE (reimplementation)
FLASH-seq native	ZHA8833A8	15000	5040.370030464095	23805716	MINE (reimplementation)
FLASH-seq native	ZHA8833A8	20000	5932.705295335441	23805716	MINE (reimplementation)
FLASH-seq native	ZHA8833A8	25000	6691.771269381416	23805716	MINE (reimplementation)
FLASH-seq native	ZHA8833A8	50000	9411.875780035583	23805716	MINE (reimplementation)
FLASH-seq native	ZHA8833A8	75000	11244.890881072897	23805716	MINE (reimplementation)
FLASH-seq native	ZHA8833A9	5000	2930.998947218174	28438904	MINE (reimplementation)
FLASH-seq native	ZHA8833A9	10000	4636.458502875562	28438904	MINE (reimplementation)
FLASH-seq native	ZHA8833A9	15000	5883.072906246219	28438904	MINE (reimplementation)
FLASH-seq native	ZHA8833A9	20000	6868.559042608304	28438904	MINE (reimplementation)
FLASH-seq native	ZHA8833A9	25000	7683.385079125574	28438904	MINE (reimplementation)
FLASH-seq native	ZHA8833A9	50000	10434.30731472268	28438904	MINE (reimplementation)
FLASH-seq native	ZHA8833A9	75000	12161.738683469799	28438904	MINE (reimplementation)
FLASH-seq vasalen	ZHA8833A1	5000	3196.501749682482	26881754	MINE (reimplementation)
FLASH-seq vasalen	ZHA8833A1	10000	5177.259160486455	26881754	MINE (reimplementation)
FLASH-seq vasalen	ZHA8833A1	15000	6674.873321547991	26881754	MINE (reimplementation)
FLASH-seq vasalen	ZHA8833A1	20000	7891.447592704862	26881754	MINE (reimplementation)
FLASH-seq vasalen	ZHA8833A1	25000	8920.996095113787	26881754	MINE (reimplementation)
FLASH-seq vasalen	ZHA8833A1	50000	12576.22965627794	26881754	MINE (reimplementation)
FLASH-seq vasalen	ZHA8833A1	75000	15033.145613686991	26881754	MINE (reimplementation)
FLASH-seq vasalen	ZHA8833A10	5000	3086.275986820762	20567236	MINE (reimplementation)
FLASH-seq vasalen	ZHA8833A10	10000	4904.531669586023	20567236	MINE (reimplementation)
FLASH-seq vasalen	ZHA8833A10	15000	6239.336870838182	20567236	MINE (reimplementation)
FLASH-seq vasalen	ZHA8833A10	20000	7301.32307165334	20567236	MINE (reimplementation)
FLASH-seq vasalen	ZHA8833A10	25000	8186.028348789492	20567236	MINE (reimplementation)
FLASH-seq vasalen	ZHA8833A10	50000	11240.5296578216	20567236	MINE (reimplementation)
FLASH-seq vasalen	ZHA8833A10	75000	13235.580026570375	20567236	MINE (reimplementation)
FLASH-seq vasalen	ZHA8833A2	5000	3197.4851850922882	22751083	MINE (reimplementation)
FLASH-seq vasalen	ZHA8833A2	10000	5196.343384097809	22751083	MINE (reimplementation)
FLASH-seq vasalen	ZHA8833A2	15000	6717.880657272393	22751083	MINE (reimplementation)
FLASH-seq vasalen	ZHA8833A2	20000	7959.696320012461	22751083	MINE (reimplementation)
FLASH-seq vasalen	ZHA8833A2	25000	9014.432402856693	22751083	MINE (reimplementation)
FLASH-seq vasalen	ZHA8833A2	50000	12786.339248966193	22751083	MINE (reimplementation)
FLASH-seq vasalen	ZHA8833A2	75000	15344.871945246883	22751083	MINE (reimplementation)
FLASH-seq vasalen	ZHA8833A3	5000	3193.203157130589	22785136	MINE (reimplementation)
FLASH-seq vasalen	ZHA8833A3	10000	5188.273119989929	22785136	MINE (reimplementation)
FLASH-seq vasalen	ZHA8833A3	15000	6707.563513309146	22785136	MINE (reimplementation)
FLASH-seq vasalen	ZHA8833A3	20000	7948.500569796018	22785136	MINE (reimplementation)
FLASH-seq vasalen	ZHA8833A3	25000	9003.246015696153	22785136	MINE (reimplementation)
FLASH-seq vasalen	ZHA8833A3	50000	12779.521830823169	22785136	MINE (reimplementation)
FLASH-seq vasalen	ZHA8833A3	75000	15341.975427351803	22785136	MINE (reimplementation)
FLASH-seq vasalen	ZHA8833A4	5000	3186.39289049824	27985240	MINE (reimplementation)
FLASH-seq vasalen	ZHA8833A4	10000	5170.44003228669	27985240	MINE (reimplementation)
FLASH-seq vasalen	ZHA8833A4	15000	6679.802720262098	27985240	MINE (reimplementation)
FLASH-seq vasalen	ZHA8833A4	20000	7912.06503301323	27985240	MINE (reimplementation)
FLASH-seq vasalen	ZHA8833A4	25000	8959.204485385526	27985240	MINE (reimplementation)
FLASH-seq vasalen	ZHA8833A4	50000	12707.662043411357	27985240	MINE (reimplementation)
FLASH-seq vasalen	ZHA8833A4	75000	15250.930841986474	27985240	MINE (reimplementation)
FLASH-seq vasalen	ZHA8833A5	5000	3182.001401333868	26377930	MINE (reimplementation)
FLASH-seq vasalen	ZHA8833A5	10000	5166.946493046737	26377930	MINE (reimplementation)
FLASH-seq vasalen	ZHA8833A5	15000	6679.075803993061	26377930	MINE (reimplementation)
FLASH-seq vasalen	ZHA8833A5	20000	7914.857362428248	26377930	MINE (reimplementation)
FLASH-seq vasalen	ZHA8833A5	25000	8965.822802789651	26377930	MINE (reimplementation)
FLASH-seq vasalen	ZHA8833A5	50000	12733.785534291696	26377930	MINE (reimplementation)
FLASH-seq vasalen	ZHA8833A5	75000	15294.804293404392	26377930	MINE (reimplementation)
FLASH-seq vasalen	ZHA8833A6	5000	3184.866195959263	21545199	MINE (reimplementation)
FLASH-seq vasalen	ZHA8833A6	10000	5175.520701450055	21545199	MINE (reimplementation)
FLASH-seq vasalen	ZHA8833A6	15000	6692.935028059754	21545199	MINE (reimplementation)
FLASH-seq vasalen	ZHA8833A6	20000	7933.110845712474	21545199	MINE (reimplementation)
FLASH-seq vasalen	ZHA8833A6	25000	8987.629109037853	21545199	MINE (reimplementation)
FLASH-seq vasalen	ZHA8833A6	50000	12765.461075392537	21545199	MINE (reimplementation)
FLASH-seq vasalen	ZHA8833A6	75000	15330.676367804888	21545199	MINE (reimplementation)
FLASH-seq vasalen	ZHA8833A7	5000	3124.443499391749	21036204	MINE (reimplementation)
FLASH-seq vasalen	ZHA8833A7	10000	5028.66540015005	21036204	MINE (reimplementation)
FLASH-seq vasalen	ZHA8833A7	15000	6454.786429184712	21036204	MINE (reimplementation)
FLASH-seq vasalen	ZHA8833A7	20000	7604.673247508372	21036204	MINE (reimplementation)
FLASH-seq vasalen	ZHA8833A7	25000	8571.995689496793	21036204	MINE (reimplementation)
FLASH-seq vasalen	ZHA8833A7	50000	11967.501752566814	21036204	MINE (reimplementation)
FLASH-seq vasalen	ZHA8833A7	75000	14218.995838381474	21036204	MINE (reimplementation)
FLASH-seq vasalen	ZHA8833A8	5000	2652.336821265459	23922175	MINE (reimplementation)
FLASH-seq vasalen	ZHA8833A8	10000	4238.262299402347	23922175	MINE (reimplementation)
FLASH-seq vasalen	ZHA8833A8	15000	5456.496915196776	23922175	MINE (reimplementation)
FLASH-seq vasalen	ZHA8833A8	20000	6464.1565485444235	23922175	MINE (reimplementation)
FLASH-seq vasalen	ZHA8833A8	25000	7331.395440954778	23922175	MINE (reimplementation)
FLASH-seq vasalen	ZHA8833A8	50000	10522.406493432552	23922175	MINE (reimplementation)
FLASH-seq vasalen	ZHA8833A8	75000	12753.063794642427	23922175	MINE (reimplementation)
FLASH-seq vasalen	ZHA8833A9	5000	3075.543830639372	28600671	MINE (reimplementation)
FLASH-seq vasalen	ZHA8833A9	10000	4928.059362986277	28600671	MINE (reimplementation)
FLASH-seq vasalen	ZHA8833A9	15000	6310.181776873155	28600671	MINE (reimplementation)
FLASH-seq vasalen	ZHA8833A9	20000	7422.780424432102	28600671	MINE (reimplementation)
FLASH-seq vasalen	ZHA8833A9	25000	8358.131449907776	28600671	MINE (reimplementation)
FLASH-seq vasalen	ZHA8833A9	50000	11644.604307895323	28600671	MINE (reimplementation)
FLASH-seq vasalen	ZHA8833A9	75000	13836.336070550926	28600671	MINE (reimplementation)
